word,definition
naf,"sodium, fluoride"
gdp,gdp
ip3,ip3
pbs,"sodium, potassium, phosphate"
pek,pek
poc,poc
nak,"sodium, potassium"
pea,pea
p8k,"peg, peg8000"
tea,tea
glu,glutamate
pao,pao
udp,udp
g6p,g6p
ddt,dtt
btb,btb
cit,citrate
leu,leucine
19k,peg19000
p4k,peg4000
bh4,borate
kac,"potassium, acetate"
scn,thiocyanate
3na,sodium
kcn,"potassium, cyanate"
nag,sodium
na-,sodium
13k,"peg13000, peg"
17k,"peg17000, peg"
kpi,potassium
21k,"peg21000, peg"
16k,"peg16000, peg"
f6p,f6p
dmf,dmf
amp,amp
20k,"peg20000, peg"
fa,fad
atp,atp
bme,beta-mercaptoethanol
p1k,"peg, peg1000"
ada,ada
18k,"peg, peg18000"
22k,"peg, peg22000"
25k,"peg, peg25000"
uox,uranyl
sds,sds
15k,"peg, peg15000"
10k,"peg, peg10000"
23k,"peg, peg23000"
bes,bes
imp,imp
dte,dtt
zn2,zinc
pep,pep
ump,ump
edo,ethylene glycol
eth,ethylene glycol
bis,"bis-tris, btp"
24k,"peg, peg24000"
po4,phosphate
kpo,"potassium, phosphate"
coa,accoa
mg2,magnesium
pvp,pvp
btp,btp
30k,"peg, peg30000"
mmt,mmt
gsh,gsh
nal,"sodium, aluminium"
arg,arginine
anp,amp
mpg,propylene glycol
gly,glycine
mib,mib
pge,pge
dpa,dpa
meq,meq
ces,cesium
fol,folate
na2,sodium
mdp,mdp
pet,pet
mn2,manganese
mag,magnesium
cmp,camp
utp,utp
vo4,vanadate
3pg,3pg
asp,aspartate
na+,sodium
li2,lithium
nai,"sodium, iodide"
nac,acetylcysteine
kna,"sodium, potassium"
no3,nitrate
amm,ammonium
oac,acetate
fbp,fpb
pei,pei
cl2,chloride
kdo,postassium
aps,"ammonium, persulfate"
gol,glycerol
koh,"potassium, hydroxide"
cd2,cadmium
gtp,gtp
tis,tris
ppg,ppg
nh4,ammonium
tes,tes
gmp,gmp
adp,adp
mme,mme
mes,mes
ams,"ammonium, sulfate"
peg,peg
hcl,"chloride, hydrochloric"
dtt,dtt
so4,sulfate
nad,nad
kcl,"potassium, chloride"
mpd,mpd
naci,"sodium, chloride"
cdcl,"cadmium, chloride"
iptg,iptg
t-na,sodium
nadp,nadp
na/k,"sodium, potassium"
peg4,"peg, peg4000"
epps,epps
meoh,methanol
hepe,hepes
zncl,"zinc, chloride"
hpo4,phosphate
eter,eter
2so4,sulfate
nabr,"sodium, bromide"
rubp,"rubidium, phosphate"
na-k,"sodium, potassium"
hoac,acetate
dutp,dutp
adpr,adp
dtmp,dtmp
nicl,"nickel, chloride"
pbp3,"lead, phosphate"
znac,"zinc, acetate"
nan3,"sodium, azide"
k/na,"sodium, potassium"
mg(2,magnesium
dudp,dudp
/koh,"potassium, hydroxide"
nacl,"sodium, chloride"
cscl,"cesium, chloride"
dttp,dttp
camp,camp
pegl,peg
mes/,mes
prop,propanol
acna,"sodium, acetate"
e804,"indirubin, e804"
pmsf,pmsf
c8e4,"c8e4, nonionicdetergent"
kcl2,"potassium, chloride"
sulf,sulfate
etoh,ethanol
b-me,beta-mercaptoethanol
ampc,camp
koac,"potassium, acetate"
phos,phosphate
dgtp,dgtp
kno3,"potassium, nitrate"
peg3,"peg, peg3000"
acoh,acetate
macl,"sodium, chloride"
gssg,gssg
kmes,"potassium, mes"
jeff,jeffamine
ampa,amp
ycl3,"yttrium, chloride"
lead,lead
tirs,tris
nh4i,"ammonium, iodide"
dmso,dmso
kpho,"potassium, phosphate"
gaba,gaba
m600,"peg, peg600"
na2s,"sodium, sulfide"
kcsn,"potassium, thiocyanate"
chap,chaps
datp,datp
uric,ureate
mncl,"manganese, chloride"
caac,"calcium, acetate"
rbcl,"rubidium, chloride"
meso,mes
gucl,guanidine hydrochloride
taps,taps
peg-,peg
licl,"lithium, chloride"
naco,"sodium, carbonate"
ppeg,peg
egta,egta
citr,citrate
pmme,pegmme
amcl,"ammonium, chloride"
h2o2,h2o2
mgcl,"magnesium, chloride"
k-na,"sodium, potassium"
cacl,"calcium, chloride"
acet,acetate
p400,"peg, peg400"
ndsb,ndsb
nh4f,"ammonium, fluoride"
edta,edta
aso4,"ammonium, sulfate"
liac,"lithium, acetate"
pegs,peg
po4-,phosphate
iron,iron
ampd,mpd
mgac,"magnesium, acetate"
caco,"calcium, carbonate"
mmes,mes
e-64,e-64
naoh,"sodium, hyroxied"
pgme,pegmme
kscn,"potassium, thiocyanate"
cgmp,cgmp
tcep,tcep
urea,urea
aces,aces
pnpp,pnpp
udpg,udpglucose
2-pg,2-pg
heps,hepes
mops,mops
naac,"sodium, acetate"
amac,"ammonium, acetate"
c8e5,"c8e5, nonionicdetergent"
amsu,"ammonium, sulfate"
nadh,nadh
amps,amp
nad+,nad
mpeg,pegmme
mibs,mib
caps,caps
kpo4,"potassium, phosphate"
napi,"sodium, phosphate"
tris,tris
ches,ches
ddao,ddao
m2070,m2070
ams04,"ammonium, sulfate"
bacl2,"barium, chloride"
nacac,"sodium, acetate"
zn(ii,zinc
sroac,"stronium, acetate"
bicin,bicin
di-na,sodium
becl2,"beryllium, chloride"
acnh4,"ammonium, acetate"
h2po4,phosphate
sodum,sodium
cdso4,"cadmium, sulfate"
malic,malate
k3po4,"potassium, phosphate"
ches/,ches
urate,ureate
hemin,hemin
mgcl2,"magnesium, chloride"
alcl3,"aluminium, chloride"
mncl2,"manganese, chloride"
p4000,"peg, peg4000"
acona,"sodium, acetate"
gdcl3,guanidine hydrochloride
na/ka,"sodium, potassium"
mepeg,pegmme
smcl3,"samarium, chloride"
licl2,"lithium, chloride"
nacl2,"sodium, chloride"
cucl2,"copper, chloride"
lino3,"lithium, nitrate"
nh4oh,"ammonium, hydroxide"
neoca,sialic
apcpp,amppcp
renin,renin
nacal,"sodium, calcium"
k2co3,"potassium, carbonate"
capso,caps
f26bp,f26bp
tartr,tartrate
l-ser,serine
znso4,"zinc, sulfate"
fecl3,"iron, chloride"
etgly,ethylene glycol
cl2ca,"calcium, chloride"
ybcl2,"ytterbium, chloride"
liso4,"lithium, sulfate"
hepps,hepes
nadh4,nadh
btpop,btp
mesph,mes
k2so4,"potassium, sulfate"
atpgs,atp
znac2,"zinc, acetate"
l-his,histidine
octyl,octanol
5kmme,"pegmme, pegmme5000"
cymal,cymal
mme5k,"pegmme, pegmme5000"
znoac,"zinc, acetate"
hexan,hexane
ed600,jeffamine
nacit,"sodium, citrate"
peg4k,"peg, peg4000"
k-po4,"potassium, phosphate"
zncl2,"zinc, chloride"
peg1k,"peg, peg1000"
c12e9,"c12e9, nonionicdetergent"
dtpaa,dtpa
nan03,"sodium, azide"
crcl3,"chromium, chloride"
macl2,"magnesium, chloride"
mnso4,"manganese, sulfate"
cap5o,chaps
iproh,isopropanol
tris-,tris
naoac,"sodium, acetate"
naact,"sodium, acetate"
trina,tris
na-pi,"sodium, phosphate"
peg8k,"peg, peg8000"
gdpcp,gdp
mtris,tris
nonyl,nonanol
nh2oh,"ammonium, hydroxide"
cscl2,"cesium, chloride"
napo4,"sodium, phosphate"
sulph,sulfate
agno3,"silver, nitrate"
cdcl2,"cadmium, chloride"
l-arg,arginine
l-pro,proline
mgso4,"magnesium, sulfate"
g-6-p,g6p
c12e8,"c12e8, nonionicdetergent"
mme2k,"pegmme, pegmme2000"
tween,tween
polyp,ppg
m-600,"peg, peg600"
atpys,atp
peg6k,"peg, peg6000"
2kmme,"pegmme, pegmme2000"
zn_cl,"zinc, chloride"
20.0k,"peg, peg20000"
p6000,"peg, peg6000"
pegme,pegmme
l-leu,leucine
pek4k,"peg, peg4000"
naso4,"sodium, sulfate"
18.0k,"peg, peg18000"
srcl2,"strontium, chloride"
ampo4,"ammonium, phosphate"
nappi,"sodium, pyrophosphate"
hgcl2,"mercury, chloride"
argon,argon
mg2cl,"magnesium, chloride"
gdpnp,gdp
sodim,sodium
caps/,caps
nh4ac,"ammonium, acetate"
"dtt,3",dtt
chlor,chloride
eo/oh,eo/oh
nicl2,"nickel, chloride"
tbcl3,"terbium, chloride"
mopso,mops
adpnp,adp
niso4,"nickel, sulfate"
m7gtp,gtp
oxime,oxime
boric,borate
nadph,nad
navo3,"sodium, vanadate"
p3350,"peg, peg3350"
caac2,"calcium, acetate"
nano2,"sodium, nitrite"
l-cys,cysteine
peg2k,"peg, peg2000"
peg5k,"peg, peg5000"
iprop,isopropanol
na(ac,"sodium, acetate"
pegsm,"peg, pegsmear"
amso4,"ammonium, sulfate"
feso4,"iron, sulfate"
l-trp,tryptophan
chaps,chaps
ni(ii,nickel
l-glu,glutamate
ethyl,"ethanol, ethylene glycol, ethyl"
po/oh,po/oh
peg3k,"peg, peg3000"
hepes,hepes
lucl3,"lutetium, chloride"
sodio,sodium
appcp,amppcp
naaco,"sodium, acetate"
l-asn,asparagine
k2po4,"potassium, phosphate"
x-305,triton
mgno3,"magnesium, nitrate"
co(ii,cobalt
nascn,"sodium, thiocyanate"
p-400,"peg, peg400"
cacl2,"calcium, chloride"
x-100,triton
n-bog,butanol
ybcl3,"ytterbium, chloride"
ac2cu,"copper, acetate"
namal,"sodium, malate"
mgs04,"magnesium, sulfate"
mgatp,"magnesium, atp"
nh4br,"ammonium, bromide"
mgoac,"magnesium, acetate"
nh4cl,"ammonium, chloride"
accoa,accoa
jm600,jeffamine
teaoh,"tea, hydroxide"
g3350,"peg, peg3350"
metoh,methanol
nadp+,nadp
nh3cl,"ammonium, chloride"
khpo4,"potassium, phosphate"
alcl2,"aluminium, chloride"
mgadp,"magnesium, adp"
glyco,"ethelene glycol, propylene glycol"
nano3,"sodium, nitrate"
amcpp,amppcp
p8000,"peg, peg8000"
"mes,2",mes
na/k2,"sodium, potassium"
pipes,pipes
l-asp,aspartate
mgac2,"magnesium, acetate"
v)peg,peg
mops/,mops
m-peg,pegmme
cocl2,"cobalt, chloride"
fecl2,"iron, chloride"
prcl3,"praseodymium, chloride"
na-ac,"sodium, acetate"
k2no3,"potassium, nitrate"
fe(ii,iron
caoac,"calcium, acetate"
"mes,1",mes
ercl3,"erbium, chloride"
"mme,1",pegmme
glu-c,glucose
28%peg,peg
mega-8,"mega, mega8, nonionicdetergent"
na2hpo,"sodium, phosphate"
na2so3,"sodium, sulfite"
heppso,hepes
50%mpd,mpd
silver,silver
lisium,lithium
citrte,citrate
iodine,iodide
nickle,nickel
propan,propan
naacet,"sodium, acetate"
citate,citrate
peg500,"peg, peg500"
hcoona,"sodium, formate"
hega-9,"hega, hega9, nonionicdetergent"
18%peg,peg
ed2003,"jeffamine, ed2003"
lithum,lithium
borate,borate
abi-pp,abipp
"kcl,20","potassium, chloride"
gmppnp,gmppnp
solium,sodium
peg-8k,"peg, peg8000"
ethane,ehtane
"dtt,18",dtt
nadp(+,nadp
hepes5,hepes
nh4scn,"ammonium, thiocyanate"
mes(ph,mes
25%peg,peg
pef400,"peg, peg4000"
saltrx,"sodium, chloride"
li2so4,"lithium, sulfate"
0.1mes,mes
ca(oac,"calcium, acetate"
se-met,semethionine
sulfat,sulfate
neu5ac,sialic
i-proh,isopropanol
valine,valine
t-booh,tert-butanol
22%peg,peg
kh2po3,"potassium, phosphate"
calcl2,"calcium, chloride"
mpeg2k,"pegmme, pegmme2000"
kcl/22,"potassium, chloride"
flavin,flavin
glycol,"ethylene glycol, propylene glycol, peg"
trizma,tris
gmppcp,gmppcp
xylose,xylose
ferric,iron
"4k,100","peg, peg4000"
nacooh,sodium acetate
zeatin,zeatin
peg35k,"peg, peg35000"
slfate,sulfate
tymine,tymine
galnac,n-acetylgalactosamine
btprop,btp
peg350,"peg, peg350"
coa-sh,accoa
peg400,"peg, peg400"
nh4po4,"ammonium, phosphate"
k2(so4,"potassium, sulfate"
750mme,"pegmme, pegmme750"
32%peg,peg
kainic,kainic
(nh4)3,ammonium
na(oac,"sodium, acetate"
meshcl,mes
mes-oh,mes
350mme,"pegmme, pegmme350"
acetic,acetate
sialic,sialic
na3vo4,"sodium, vanadate"
16%peg,peg
citric,citrate
peg12k,"peg, peg12000"
mhepes,hepes
nitrat,nitrate
sodium,sodium
na-mes,mes
cdcl(2,"cadmium, chloride"
li2s04,"lithium, sulfate"
papain,papain
soduim,sodium
500mme,"pegmme, pegmme500"
np_peg,peg
mes_na,mes
mmtris,tris
dithio,dtt
phenol,phenol
hepese,hepes
caacet,"calcium, acetate"
35%mpd,mpd
acetat,acetate
uracil,uracil
b-tris,tris
ribose,ribose
peg800,"peg, peg800"
di-hcl,"chloride, hydrochloric acid"
peg-4k,"peg, peg4000"
pegmme,pegmme
etghly,ethylene glycol
mg2so4,"magnesium, sulfate"
ampcpp,amppcp
k3(cit,"potassium, citrate"
caoac2,"calcium, acetate"
mgacet,"magnesium, acetate"
na+/k+,"sodium, potassium"
mes-na,mes
na/kpi,"sodium, potassium, phosphate"
(nh4)2,ammonium
40%mpd,mpd
fucose,fucose
li2o4s,"lithium, sulfate"
cupric,copper
serine,serine
amppcp,amppcp
65%mpd,mpd
na3po4,"sodium, phosphate"
cobalt,cobalt
neunac,sialic
peg200,"peg, peg200"
glicol,"ethylene glycol, propylene glycol"
500dme,"pegmme, pegmme500"
barium,barium
tri-na,tris
peg550,"peg, peg500"
adomet,"s-adenosyl, methionine"
mme550,"pegmme, pegmme500"
uranyl,uranyl
nh4no3,"ammonium, nitrate"
cholic,cholate
natrix,nitrate
60%mpd,mpd
2mmdtt,dtt
peg300,"peg, peg300"
litium,lithium
hepes/,hepes
sufate,sulfate
nacaco,"sodium, cacodylate"
peg-me,pegmme
biotin,biotin
na2so4,"sodium, sulfate"
"8000,5","peg, peg8000"
glcnac,n-acetylglucosamine
triton,triton
mgcho2,"magnesium, carbonate"
peg335,"peg, peg3350"
chapso,chaps
formic,formate
nme4cl,"tetramethylammonium, chloride"
malate,malate
dddmab,dmab
mehgac,"methyl, mercury, acetate"
zn2so4,"zinc, sulfate"
42%mpd,mpd
mgcl(2,"magnesium, chloride"
soidum,sodium
sodiun,sodium
actate,acetate
methyl,"methyl, methanol"
dioxan,dioxane
nickel,nickel
26%peg,peg
cystin,cystine
amppnp,amppnp
30%mpd,mpd
dupnpp,umppnp
na2wo4,"sodium, tungstate"
ethgly,ethylene glycol
pep426,"pep, pep426"
k+/na+,"potassium, sodium"
1mnacl,"sodium, chloride"
maleic,maleate
k-phos,"potassium, phosphate"
pep629,"pep, pep629"
nachoo,"sodium, formate"
copper,copper
nh4oac,"ammonium, acetate"
pegsii,peg
nahco3,"sodium, carbonate"
hexane,hexane
na3cit,"sodium, citrate"
amonio,ammonium
mmepeg,pegmme
trisac,"tris, acetate"
hepers,hepes
appnhp,amppnp
w/vpeg,peg
lysine,lysine
5k.mme,"pegmme, pegmme5000"
peg600,peg600
socium,sodium
t-buoh,tert-butanol
mes.oh,mes
30%peg,peg
m-2070,"jeffamine, m2070"
me-peg,pegmme
cesium,cesium
3%dmso,dmso
550mme,"pegmme, pegmme550"
nh2so4,"ammonium, sulfate"
c11dao,c11dao
peg-6k,"peg, peg6000"
iodide,iodide
hega-8,"hega, hega8, nonionicdetergent"
nahcoo,"sodium, formate"
12%peg,peg
10%peg,peg
na2po4,"sodium, phosphate"
sosium,sodium
peg10k,"peg, peg10000"
mops-k,mops
kh2po4,"potassium, phosphate"
k2hpo4,"potassium, phosphate"
tri-li,tris
ppg400,"ppg, ppg400"
biuret,biuret
20%peg,peg
17%peg,peg
bicine,bicine
1k/peg,"peg, peg1000"
nh2oac,"ammonium, acetate"
c18coa,accoa
nh4so2,"ammonium, sulfate"
triscl,tris
aceate,acetate
ca.atp,"calcium, atp"
nakpo4,"sodium, potassium, phosphate"
di-nh4,ammonium
nacitr,"sodium, citrate"
nh4so4,"ammonium, sulfate"
citirc,citrate
v/vpeg,peg
citrat,citrate
am2so4,"ammonium, sulfate"
ada(ph,ada
kpi/22,"potassium, phosphate"
cymal5,"cymal, cymal5"
acetyl,acetate
ni2so4,"nickel, sulfate"
mg-atp,"magnesium, atp"
peg20k,"peg, peg20000"
k2hso4,"potassium, sulfate"
ed2001,"jeffamine, ed2001"
glycine,glycine
tricine,tricine
chromic,chromate
yttrium,yttrium
(nh4)2h,ammonium
tatrate,tartrate
mepeg5k,"pegmme, pegmme5000"
"3350,ph","peg, peg3350"
gly-tyr,glycyltyrosine
ethonal,ethanol
peg2200,"peg, peg2200"
hepesna,hepes
bincine,bicine
na-mops,mops
peg-500,"peg, peg500"
tartrat,tartrate
tartate,tartrate
bi-tris,"bis-tris, btp"
aulfate,sulfate
mg(ac)2,"magnesium, acetate"
peg2000,"peg, peg2000"
beta-og,"octyl, glucoside, octyglucoside"
oxamate,oxamate
ethylen,ethylene glycol
maltose,maltose
na2hpo4,"sodium, phosphate"
n-octyl,"octanol, octyl"
glycole,"ethelene glycol, propylene glycol"
adenine,adenine
amp-pnp,amppnp
mes-hcl,mes
peg/ion,peg
cymal-1,"cymal, cymal1"
propone,"propane, btp"
phytate,phytate
peg3400,"peg, peg3400"
sulfite,"sulfite, sulfite"
cymal-7,"cymal, cymal7"
ala-pro,alanylproline
50%dmso,dmso
ssodium,sodium
orotate,orotate
sulfate,sulfate
nitrite,nitrite
peg4600,"peg, peg4600"
ammoium,ammonium
lactone,lactone
peg3500,"peg, peg3350"
timolol,timolol
mes-koh,mes
l-malic,malate
peg1500,"peg, peg1500"
mercury,mercury
mme5000,"pegmme, pegmme5000"
tris-cl,tris-cl
peg-mme,pegmme
pet3350,"peg, peg3350"
"3,4-dcb","3,4-dcb"
thymine,thymine
xylitol,xylitol
guanine,guanine
/malate,malate
tris/cl,tris
acteate,acetate
sodium/,sodium
dioxane,dioxane
lithium,lithium
acetate,acetate
hmg-coa,accoa
d-malic,malate
etylene,ethelene glyvol
na2s2o3,"sodium, thiosulfate"
amonium,ammonium
tris-ph,tris
spermin,spermin
natrium,sodium
"mes,0.2",mes
udp-glc,udpglucose
cloride,chloride
glucose,glucose
nitrate,nitrate
msodium,sodium
heparin,heparin
lactose,lactose
maleate,maleate
peg-550,"peg, peg550"
octanol,octanol
chlorid,chloride
folinic,folate
lactate,lactate
"nadp,10",nadp
citrate,citrate
glycols,"peg, ethylene glycol, propylene glycol"
trishcl,tris
cymal-5,"cymal, cymal5"
tric-cl,tris
peg-800,"peg, peg800"
gmp-pnp,gmppnp
glycero,glycerol
mannose,mannose
peg-200,"peg, peg200"
nahepes,hepes
propane,"propane, btp"
citrite,citrate
peg3350,"peg, peg3350"
ndsb195,"ndsb, ndsb195"
mpd_peg,"mpd, peg"
"nacl,50","sodium, chloride"
peg-ion,peg
suphate,sulfate
sulfato,sulfate
suflate,sulfate
na2moo4,"sodium, molybdate"
glyceol,glycerol
naazide,"sodium, azide"
pek4000,"peg, peg4000"
sitrate,citrate
sulhate,sulfate
zn(ac)2,"zinc, acetate"
cyanide,cyanide
peg1000,"peg, peg1000"
na(form,"sodium, formate"
methane,methane
cadmium,cadmium
peg5000,"peg, peg5000"
cystine,cystine
arg-hcl,arginine
b-octyl,"octanol, octyl"
mme2000,"pegmme, pegmme2000"
peg-600,"peg, peg600"
peg-400,"peg, peg400"
amp-pcp,amppcp
soldium,sodium
peg-300,"peg, peg300"
caffeic,caffeic
mes/0.1,mes
"amso4,3","ammonium, sulfate"
peg3340,"peg, peg3350"
5000mme,"pegmme, pegmme5000"
k/na-pi,"sodium, potassium, phosphate"
trypton,trypton
tween20,tween
sulfide,sulfide
sucrose,sucrose
peg6000,"peg, peg6000"
peg4000,"peg, peg4000"
ethanol,ethanol
bromide,bromide
tris.cl,tris
choline,choline
na-ches,ches
decanol,decanol
edo_p8k,"ethylene gylcol, peg, peg8000"
mops(ph,mops
sodiumu,sodium
cymal-6,"cymal, cymal6"
uridine,uridine
nh4cooh,"ammonium, formate"
ped3350,"peg, peg3350"
isoprop,isopropanol
mpd(v/v,mpd
leucine,leucine
hepe-na,hepes
gycerol,glycerol
gol_p4k,"glycerol, peg, peg4000"
ca(ac)2,"calcium, acetate"
glyerol,glycerol
ferulic,iron
ammonum,ammonium
peg8000,"peg, peg8000"
bistris,"bis-tris, btp"
cymal-3,"cymal, cymal3"
tris-hl,tris
sokalan,sokalan
oxonate,oxonate
triuret,triuret
hepes-k,hepex
miralax,miralax
caesium,cesium
gly-gly,glycylglycine
peg3550,"peg, peg3350"
mme-peg,pegmme
cineole,cineole
t-butyl,tert-butanol
bis-tri,"bis-tris, btp"
iron(ii,iron
tris(ph,tris
this-cl,tris
ndsb201,"ndsb, ndsb201"
floride,fluoride
sodiium,sodium
pr(ac)3,"praseodymium, acetate"
terbium,terbium
k-hepes,hepes
nh4hco2,"ammonium, carbonate"
peg3330,"peg, peg3350"
bis-tis,"bis-tris, btp"
calsium,calcium
proline,proline
alanine,alanine
maliate,malate
thiamin,thiamine
nh4sso4,"ammonium, sulfate"
ndsb256,"ndsb, ndsb256"
peg1450,"peg, peg1450"
dextran,dextran
peg2250,"peg, peg2250"
sulafte,sulfate
malonic,malonate
tris-hc,tris
acatate,acetate
lis2so4,"lithium, sulfate"
pentane,pentane
ferrous,iron
glycrol,glycerol
acrylic,acrylate
n-hexyl,haxanol
calcuim,calcium
acetone,acetone
"mgso4,2","magnesium, sulfate"
acetete,acetate
nacacod,"sodium, cacodylate"
sodiaum,sodium
choride,chloride
formate,formate
camphor,camphor
pctp-10,"pctp, pctp10"
hega-10,"hega, hega9"
"gdp,1.8",gdp
ala-phe,alanylophenylalanine
oxalate,oxalate
malnate,malonate
(nh4)cl,"ammonium, chloride"
na/kpo4,"sodium, potassium, phosphate"
taurine,taurine
trs-hcl,tris
cholate,cholate
cymal-2,"cymal, cymal2"
agarose,agarose
calcium,calcium
nakhpo4,"sodium, potassium, phosphate"
tris-ac,tris
nh42so4,"ammonium, sulfate"
parafin,parafin
mes(6.5,mes
ed-2003,"jeffamine, ed2003"
nah2po4,"sodium, phosphate"
tri-hcl,tris
fluride,fluoride
butanol,butanol
pgsmear,"peg, pegsmear"
zinc(ii,zinc
mmonium,ammonium
ed-2001,"jeffamine, ed2001"
peg3.4k,"peg, peg3400"
betaine,betaine
mes/koh,mes
peg3000,"peg, peg3000"
nh4hpo4,"ammonium, phosphate"
suberic,suberic
sebacic,sebacic
dodecyl,dodecyl
tris0.1,tris
udp-gal,udpgalactose
ammonia,ammonium
"mgcl2,5","magnesium, chloride"
pmme5000,"pegmme, pegmme5000"
paratone,paratone
3350(w/v,"peg, peg3350"
methonal,methanol
gylcerol,glycerol
glcn-6-p,g6p
coumaric,coumaric
pegsmear,"peg, pegsmear"
c-di-gmp,cgmp
"peg6,000","peg, peg6000"
kau(cn)2,"potassium, gold, cyanate"
acetate/,acetate
cacl2and,"calcium, chloride"
naacetat,"sodium, acetate"
tris-dcl,tris
5-formyl,formate
linoleic,linoleic
na/k-po4,"sodium, potassium, phosphate"
/nah2po4,"sodium, phosphate"
d-ribose,ribose
na/k3po4,"sodium, potassium, phosphate"
mng-3-c8,"mng, mng3c8"
palmitic,palmitic
"hepes,10",hepes
mesylate,mesylate
arsenate,arsenate
naborate,"sodium, borate"
peg33500,"peg, peg3350"
citrate/,citrate
citrarte,citrate
critrate,citrate
bes-naoh,bes
cd(no3)2,"cadmium, nitrate"
nach3coo,"sodium, acetate"
nanitrat,"sodium, nitrate"
0.1mkscn,"potassium, thiocyanate"
yittrium,yttrium
divalent,"magnesium, calcium"
l-fucose,fucose
tris-hci,tris
rahmnose,ramnose
jeffamin,jeffamine
manolate,malonate
octylpoe,"octanol, octyl"
glicerol,glycerol
1.9mcscl,"cesium, chloride"
glcyerol,glycerol
peg_3350,"peg, peg3350"
rifampin,rifampin
myristic,myristic
(li)2so4,"lithium, sulfate"
pipes-na,pipes
"mgcl,0.1","magnesium, chloride"
peg-3500,"peg, peg3350"
caffeine,caffeine
30%peg8k,"peg, peg8000"
mme-5000,"pegmme, pegmme5000"
ch3cooli,"lithium, acetate"
ndsb-211,"ndsb, ndsb211"
mg-salts,magnesium
hydrogel,hydrogel
"4000,0.2","peg, peg4000"
hepes7.5,hepes
anatrace,anatrace
"peg3,350","peg, peg3350"
dioxiane,dioxane
pegmme2k,"pegmme, pegmme2000"
tacimate,tacsimate
p-cresol,cresol
succinyl,succinate
p2000mme,"pegmme, pegmme2000"
tartarte,tartrate
c2h3nao2,"sodium, acetate"
"3350,0.2","peg, peg3350"
peg-1450,"peg, peg1450"
"cdcl2,10","cadmium, chloride"
caps/koh,caps
amminium,ammonium
nah2p2o7,"sodium, pyrophosphate"
nac2h3o2,"sodium, acetate"
hepes(ph,hepes
neomycin,neomycin
kcitrate,"potassium, citrate"
d-serine,serine
guaiacol,guaiacol
tris-8.0,tris
rhamnose,ramnose
peg3.35k,"peg, peg3350"
2-propoh,isopropanol
naac(5.0,"sodium, acetate"
syringol,syringol
jeffmine,jeffamine
peg1000h,"peg, peg1000"
2000-mme,"pegmme, pegmme2000"
gsh/gssg,"gsh, gssg"
glyc?rol,glycerol
tryptone,trypton
octanoic,octanoic
naproxen,naproxen
iron(iii,iron
"gdcl3,10",guanidine hydrochloride
"mes,0.14",mes
ammonium,ammonium
fumarate,fumarate
nacitrat,"sodium, citrate"
sulphite,sulfite
mpeg5000,"pegmme, pegmme5000"
mpeg2000,"pegmme, pegmme2000"
vanadate,vanadate
samarium,samarium
hexamine,hexamine
arsenite,arsenite
suplhate,sulfate
peg5kmme,"pegmme, pegmme5000"
naac/hac,sodium acetate
5000-mme,"pegmme, pegmme5000"
tric-hcl,tris
hexylene,hexylene
inositol,inositol
peg2kmme,"pegmme, pegmme2000"
elastase,elastase
cysteine,cysteine
cholride,chloride
ethelene,ethylene glycol
l-lysine,lysine
,
gly-naoh,glycine
n-acetyl,"n-acetylglucosamine, n-acetylgalactosamine"
nitrogen,nitrogen
,
succinic,succinate
25%peg4k,"peg, peg4000"
hepes-na,hepes
ndsb-201,"ndsb, ndsb201"
peg35000,"peg, peg35000"
pyruvate,pyruvate
sorbitol,sorbitol
pyridine,pyridine
chlorate,chlorate
mes-naoh,mees
phospate,phosphate
phoshate,phosphate
tris-bis,"bis-tris, btp"
chroride,chloride
mmsodium,sodium
mercuric,mercury
(nh4)2ac,"ammonium, acetate"
peg20000,"peg, peg20000"
chrolide,chloride
l-valine,valine
na-azide,"sodium, azide"
peg10000,"peg, peg10000"
peg-2000,"peg, peg2000"
disodium,sodium
ammunium,ammonium
peg-5000,"peg, peg5000"
,
bestatin,bestatin
"nacl,100","sodium, chloride"
20%peg4k,"peg, peg4000"
l-serine,serine
ada/naoh,ada
l-malate,malate
ndsb-256,"ndsb, ndsb256"
ndsb-221,"ndsb, ndsb221"
imdazole,imidazole
farnesyl,farnesyl
peg-3000,"peg, peg3000"
ammonimu,ammonium
acarbose,acarbose
arginine,arginine
nicotine,nicotine
ammpnium,ammonium
accetate,acetate
peg-3400,"peg, peg 3400"
ada-naoh,ada
mg(no3)2,"magnesium, nitrate"
sulfonic,"mes, hepes, mops"
creatine,creatine
paraffin,paraffin
ammomium,ammonium
ascorbic,ascorbic
dl-malic,malate
(nh4)so4,"ammonium, sulfate"
tris-so4,tris
fructose,fructose
peg12000,"peg, peg12000"
aspartic,aspartate
magnisum,magnesium
mops/koh,mops
glutamic,glutamate
bis/tris,"bis-tris, btp"
ca(oac)2,"calcium, acetate"
ammonuim,ammonium
ammoinum,ammonium
naac-hac,"sodium, acetate"
tirs-hcl,tris
potassim,potassium
,
ammoniun,ammonium
30%peg4k,"peg, peg4000"
spermine,spermine
"mgcl2,20","magnesium, chloride"
peg-6000,"peg, peg6000"
bis-tris,"bis-tris, btp"
hepes/na,hepes
coenzyme,accoa
"peg8,000","peg, peg8000"
zn(oac)2,"zinc, acetate"
tartrate,tartrate
na-hepes,hepes
naformat,"sodium, formate"
peg-8000,"peg, peg8000"
,
tris.hcl,tris
"400,0.15","peg, peg400"
methanol,methanol
pantoate,pantoate
kacetate,"potassium, acetate"
mes.naoh,mes
"peg4,000","peg, peg4000"
kformate,"potassium, formate"
na/hepes,hepes
ches-hcl,ches
benzoate,benzoate
mes-tris,"mes, tris"
tcep-hcl,tcep
tris-hcl,tris
threitol,dtt
ethylene,ethylene glycol
nh4h2po4,"ammonium, phosphate"
tris-hkl,tris
(nh)2so4,"ammonium, sulfate"
peroxide,h2o2
nach3co2,"soudium, acetate"
beta-ddm,ddm
glycerol,glycerol
sulphate,sulfate
peg-1000,"peg, peg1000"
tris/hcl,tris
salphate,sulfate
pluronic,pluronic
chloride,chloride
chlorite,chloride
nh4h2po3,"ammonium, phosphate"
dextrane,dextran
thiamine,thiamine
agmatine,agmatine
bis_tris,"bis-tris, btp"
"naac,0.1","sodium, acetate"
glycerin,glycerol
actetate,acetate
flouride,fluoride
"nacl,0.1","sodium, chloride"
potasium,potassium
hepes.na,hepes
catechol,catechol
ch3coona,"sodium, acetate"
imidazol,imidazole
"licl,100","lithium, chloride"
rubidium,rubidium
mes/naoh,mes
ndsb-195,"ndsb, ndsb195"
formiate,formate
cit-phos,"citrate, phosphate"
d-xylose,xylose
pegmme5k,"pegmme, pegmme5000"
aluminum,aluminium
fluoride,fluoride
propanol,propanol
shikimic,shikimic
peg-3350,"peg, peg3350"
na+hepes,hepes
mg(oac)2,"magnesium, acetate"
peg-1500,"peg, peg1500"
hepes_na,hepes
"nacl,0.2","sodium, chloride"
phophate,phosphate
malonate,malonate
ca(no3)2,"calcium, nitrate"
peg-4000,"peg, peg4000"
mes/tris,"mes, tris"
tartaric,tartrate
histidine,histidine
caps/naoh,caps
peg550mme,"pegmme, pegmme550"
strontium,strontium
auranofin,auranofin
megnesium,magnesium
na+-pipes,pipes
sulfonate,sulfonate
mgformate,"magnesium, formate"
bromoform,bromoformate
faropenum,faropenem
cobaltous,cobalt
kanamycin,kanamycin
acetylcoa,accoa
peg2k-mme,"pegmme, pegmme2000"
polyvinyl,pvp
c4h4knao6,"potasium, sudium, tartrate"
adenylate,adenylate
sulfamoyl,sulfamoyl
threalose,threhalose
amformate,"ammonium, formate"
glycerine,glycerol
carnitine,carnitine
peg500mme,"pegmme, pegmme500"
bis-tris-,btp
ditionite,dithionite
nh4(so4)2,"ammonium, sulfate"
cisplatin,cisplatin
(nh3)2so4,"ammonium, sulfate"
dasatinib,dasatinib
(ch3coo)2,acetate
tris_base,tris
peg-20000,"peg, peg20000"
k-citrate,"potassium, citrate"
ascorbate,ascorbic
pegmme500,"pegmme, pegmme500"
nickel(ii,nickel
sacrosine,sarcosine
znacetate,"zinc, acetate"
1-butanol,butanol
na-bicine,bicine
k2pt(cn)4,"potassium, tetracyanoplatinate"
caacetate,"calcium, acetate"
hepes-na+,hepes
mopso-na+,mops
ethelyene,ethylene glycol
nach2cooh,"sodium, acetate"
tetra-hcl,hydrochloric acid
peg-10000,"peg, peg10000"
peg5k-mme,"pegmme, pegmme5000"
tris.base,tris
4-dioxane,dioxane
ammounium,ammonium
tris-base,tris
mepeg2000,"pegmme, pegmme2000"
peg500dme,"pegdme, pegdme500"
na-borate,"sodium, borate"
d-camphor,camphor
pentadiol,pentadiol
mes(ph6.5,mes
pegme2000,"pegmme, pegmme2000"
hexammine,hexamine
"acetate,5",acetate
hepes-koh,hepes
thaumatin,thaumatin
zaragozic,zaragozic
k-acetate,"potassium, acetate"
guanidium,"guanidine, guanidine hydrochloride"
thymidine,thymidine
gtpgammas,gtpgammas
pegmme550,"pegmme, pegmme550"
phenethyl,phenethyl
aspartate,aspartate
imadazole,imidazole
"peg-3,350","peg, peg3350"
pottasium,potassium
iodomuron,iodomuron
ampd/tris,"tris, damp"
sulfoxide,dmso
amcitrate,"ammonium, citrate"
n-butanol,butanol
disulfide,"disulfide, sulfide"
adenosine,adenosine
isopropyl,isopropanol
tris-hno3,tris
actinonin,actinonin
shikimate,shikimic
naformate,"sodium, formate"
dl-malate,malate
sisomicin,sisomicin
phosphine,phosphine
myristoyl,myristol
bosutinib,bosutinib
tdp-qui4n,tdp-qui4n
palmitoyl,palmitoyl
mgacetate,"magnesium, acetate"
imidozale,imidazole
hepes-mes,"hepes, mes"
magnesium,magnesium
aammonium,ammonium
imidazole,imidazole
na+-hepes,hepes
phosphate,phosphate
potassium,potassium
sulfphate,sulfate
carba-nad,nad
jeffamine,jeffamine
nacitrate,"sodium, citrate"
gd2(so4)3,"gadolinium, sulfate"
hepes-hcl,hepes
apramycin,apramycin
hydrazide,hydrazide
(r)-mvapp,mvapp
t-butanol,tert-butanol
succinate,succinate
hepes/hcl,hepes
"6000,tris","peg, peg6000, tris"
pyridoxal,pyridoxal
4000/3350,"peg, peg4000, peg3350"
naacetate,"sodium, acetate"
"mgcl2,100","magnesium, chloride"
"znso4,0.2","zinc, sulfate"
molybdate,molybdate
caodylate,cacodylate
(nh4)2so4,"ammonium, sulfate"
hydroxide,hydroxide
ches/naoh,ches
trehalose,trehalose
avibactam,avibactam
tert-buoh,tert-butanol
pegf-4000,"peg, peg4000"
ammmonium,ammonium
4000/6000,"peg, peg4000, peg6000"
10%peg20k,"peg, peg20000"
ammonimum,ammonium
maltoside,maltose
hexaamine,hexamine
bicine-na,bicine
dl-lysine,lysine
dl-serine,serine
lisulfate,"lithium, sulfate"
monoolein,monoolein
"peg20,000","peg, peg20000"
bris-tris,"bis-tris, btp"
nh4ch3co2,"ammonium, acetate"
nh4ch3coo,"ammonium, acetate"
divalents,"magnesium, calcium"
tungstate,tungstate
glabridin,glabridin
di-sodium,sodium
ir(cl)5co,"iridium, chloride, carbonyl"
5%peg6000,"peg, peg6000"
homopipes,pipes
hadacidin,hadacidin
l-proline,proline
glutamine,glutamine
l-lactate,lactate
ch3co2nh4,"ammonium, acetate"
magnisium,magnesium
l-cystein,cysteine
0.1mhepes,hepes
sisomycin,sisomycin
k(2)hpo(4,"potassium, phosphate"
copper(ii,copper
guanidine,guanidine
tartarate,tartrate
mtris-hcl,tris
k/nah2po4,"potassium, sodium, phosphate"
guanosine,guanosine
estradiol,estradiol
isoniazid,isoniazid
manganese,manganese
glutamate,glutamate
glucoside,glucoside
galactose,galactose
na-malate,"sodium, malate"
gamma-pga,pga
d/l-malic,malate
propylene,propylene glycol
l-tartrat,tartrate
cacodylic,cacodylate
sacharose,saccharose
ammnonium,ammonium
ytterbium,ytterbium
mbis-tris,"bis-tris, btp"
imidizole,imidazole
d-mannose,mannose
ch3coonh4,"ammonium, acetate"
na/kh2po4,"sodium, potassium, phosphate"
tacsimate,tacsimate
cobalt(ii,cobalt
melatonin,melatonin
ammoinium,ammonium
dl-maleic,maleate
phosphase,phosphate
indirubin,indirubin
hexandiol,hexanediol
udpglcnac,"udpglucose, n-acetylglucosamine, udp"
chlroride,chloride
magensium,magnesium
formamide,formamide
c3h2o4na2,"sodium, propionate"
co(ii)cl2,"cobalt, chloride"
peg750mme,"pegmme, pegmme750"
tris/hoac,tris
(nh4)3po4,"ammonium, phosphate"
nicotinic,nicotinic
kh(2)po(4,"potassium, phosphate"
sarcosine,sarcosine
peg-2kmme,"pegmme, pegmme2000"
c3h5(oh)3,glycerol
mg(ch3coo,"magnesium, acetate"
"glycol,20",glycol
co-enzyme,accoa
d-glucose,glucose
peg-smear,"peg, pegsmear"
malic/koh,malate
mg(hco2)2,"magnesium, carbonate"
caps-naoh,caps
amicyanin,amicyanin
myoglobin,myoglobin
"mgcl2,0.1","magnesium, chloride"
tris-acoh,"tris, acetate"
k3citrate,"potassium, citrate"
ammoniumu,ammonium
triclosan,triclosan
tacismate,tacsimate
c-hega-10,"hega, hega-10, nonionicdetergent"
monometyl,pegmme
k-formate,"potassium, formate"
nh(2)so(4,"ammonium, sulfate"
(nh4)2po4,"ammonium, phosphate"
ampso/koh,ampso
2-butanol,isobutanol
anapoe-35,"anapoe, anapoe35"
6000/8000,"peg, peg6000, peg8000"
ammonnium,ammonium
hepes/koh,hepes
imidazone,imidazole
ches-naoh,ches
glycoside,glucoside
li(ch3coo,"lithium, acetate"
monooctyl,octyl
amsulfate,"ammonium, sulfate"
phoshpate,phosphate
n-dodecyl,dodecyl
protamine,protamine
tascimate,tacsimate
carbonate,carbonate
tris/hno3,tris
propionic,propionate
mops-naoh,mops
"peg10,000","peg, peg10000"
phospahte,phosphate
mepeg5000,"pegmme, pegmme5000"
l-alanine,alanine
na3c6h5o7,"sodium, citrate"
threonine,threonine
quercetin,quercitine
arabinose,arabinose
coenzyme-a,accoa
spermadine,spermidine
magnessium,magnesium
adp-ribose,"adp, ribose, adpribose"
choline-cl,"choline, chloride"
dithionite,dithionite
cacodelate,cacodylate
100mmhepes,hepes
spermidine,spermidine
na/citrate,"sodium, citrate"
gentamicin,gentamycin
dichloride,chloride
mg-acetate,"magnesium, acetate"
"arg-hcl,20",arginine
mops/hepes,"mops, hepes"
isoflurane,isofluorane
hepes/mops,"hepes, mops"
cacodyalte,cacodylate
diammonium,ammonium
li-sulfate,"lithium, sulfate"
tri-sodium,sodium
na/acetate,"sodium, acetate"
imidiazole,imidazole
cadodylate,cacodylate
pipes-naoh,pipes
boceprevir,boceprevir
pegmme2000,"pegmme, pegmme2000"
glycol2000,"peg, peg2000"
n-decanoyl,decanoyl
fos-mea-10,fosmea10
ammmounium,ammonium
magunesium,magnesium
0.1msodium,sodium
isopopanol,isopropanol
na-tricine,tricine
eth-glycol,ethylene glycol
n-propanol,propanol
cadaverine,cadaverine
gramicidin,gramicidine
"1,6-hexane",hexane
perrhenate,perrhenate
imidazole/,imidazole
acetate(ph,acetate
ethoxylate,po/oh
trimannose,mannose
cacodalyte,cacodylate
malate/hcl,malate
li3citrate,"lithium, citrate"
peg550-mme,"pegmme, pegmme550"
"kh2po4,0.1","potassium, phosphate"
"peg-10,000","peg, peg10000"
li2so4.h2o,"lithium, sulfate"
naoac/acoh,"sodium, acetate"
na-acetate,"sodium, acetate"
ethanediol,ethylene glycol
hepes/tris,"hepes, tris"
18-crown-6,18-crown-6
mg-formate,"magnesium, formate"
lanthanide,lanthanide
hepes.naoh,hepes
glucuronic,glucuronic
namalonate,"sodium, malonate"
(mes)-naoh,mes
cacodylaic,cacodylate
isoleucine,isoleucine
pentandiol,pentadiol
hepes-mops,"hepes, mops"
tetracaine,tetracaine
acetate-na,"acetate, sodium"
hepes/naoh,hepes
acetyl-coa,accoa
acetate-d3,acetate
gadolinium,gadolinium
cacodyrate,cacodylate
peg5000mme,"pegmme, pegmme5000"
"sulfate,50",sulfate
l-allo-thr,theronine
zn-acetate,"zinc, acetate"
na-acetete,"sodium, acetate"
na-lactate,"sodium, lactate"
naoac.3h2o,"sodium, acetate"
pyridozxal,pyridozxal
immidazole,imidazole
1-naphthol,naphtol
15/4_eo/oh,eo/oh
"acetate,50",acetate
"peg-20,000","peg, peg20000"
hexabediol,hexanediol
li2so4;2.2,"lithium, sulfate"
postassium,potassium
ispropanol,isopropanol
n-octanoyl,octanoyl
methionine,methionine
"peg3350,10","peg, peg3350"
cobalt(iii,cobalt
mgcl2.6h20,"magnesium, chloride"
penicillin,penicillin
l-aspartic,aspartate
1-propanol,propanol
cohexamine,hexamine
(nh4)2hpo4,"ammonium, phosphate"
methane/40,methane
l-glutamic,glutamate
cacadylate,cacodylate
oxide(ddao,ddao
isocitrate,isocitrate
hexaammine,hexamine
bicine-hcl,bicine
mono-olein,monoolein
k3-citrate,"potassium, citrate"
pegmme5000,"pegmme, pegmme5000"
tartronate,tartrate
pramociane,pramociane
thiocynate,thiocyanate
alprenolol,alprenolol
isoprpanol,isopropanol
ampicillin,ampicilin
glycol(peg,peg
"formate,20",formate
plazomicin,plasmocin
homoserine,homoserine
thimerosal,thimerosal
s-adenosyl,s-adenosyl
cadodalyte,cacodylate
laevulinic,laevulinic
"chloride,5",chloride
i-propanol,isopropanol
naoac/hoac,"sodium, acetate"
5%glycerol,glycerol
propandiol,propylene glycol
hepes-csoh,"hepes, cesium"
d-tartrate,tartrate
hexanediol,hexanediol
dl-alanine,alanine
l-tartrate,tartrate
nh4(h2)po4,"ammonium, phosphate"
creatinine,creatinine
peg2000mme,"pegmme, pegmme2000"
lisulphate,"lithium, sulfate"
2-proponal,isopropanol
"peg4000,50","peg, peg4000"
(nh4)2(so4,"ammonium, sulfate"
monosodium,sodium
tobramycin,tobramycin
"mgcl2,6h2o","magnesium, chloride"
udp-galnac,"udp, n-acetylogalactosamine, udpgalactose"
diclofenac,diclofenac
homo-pipes,pipes
mes-buffer,mes
butanediol,butanediol
ca-acetate,"calcium, acetate"
na-oxalate,"sodium, oxalate"
pottassium,potassium
peg-550mme,"pegmme, pegmme550"
"acetate,20",acetate
nh4sulfate,"ammonium, sulfate"
nh4acetate,"ammonium, acetate"
phosphate/,phosphate
"dtt,10%mpd","dtt, mpd"
cacodilate,cacodylate
cocadylate,cacodylate
n-paratone,paratone-n
gabaculine,gabaculine
chorismate,chorismate
na-citrate,"sodium, citrate"
paratone-n,paratone-n
thioflavin,thioflavin
peg-mme550,"pegmme550, pegmme"
naringenin,naringenin
sinefungin,sinefungin
glutathion,"gsh, gssg"
glycol/peg,peg
na-nitrate,"sodium, nitrate"
magenesium,magnesium
phosphates,phosphate
mgsulphate,"magnesium, sulfate"
tryptophan,tryptophan
bistrishcl,bis-tris
l-cysteine,cysteine
phenylurea,phenylurea
d-sorbitol,sorbitol
hepes-naoh,hepes
propyl-amp,propylamp
sulfate/10,sulfate
"li2so4,0.1","lithium, sulfate"
cacl2.2h2o,"calcium, chloride"
tris-h2so4,tris
acetate_na,"acetate, sodium"
strychnine,strychnine
beta-octyl,octyl
isomaltose,isomaltose
mes-sodium,mes
p-coumaric,coumaric
sulfate(12,sulfate
citrate(ph,citrate
"sulfate,10",sulfate
"glycerol,2",glycerol
penoxsulam,penoxsulam
cocodylate,cacodylate
triglycine,glycylglycylglycine
na_nitrate,"sodium, nitrate"
toxoflavin,toxoflavin
oxypurinol,oxypurinol
fosfomycin,fosfomycin
trilithium,lithium
propionate,propionate
n-butyrate,butyrate
mes/sodium,mes
n-valerate,valerate
2-propanol,isopropanol
li-acetate,"lithium, acetate"
mg-sulfate,"magnesium, sulfate"
cacodylate,cacodylate
tris/h2so4,tris
nh4formate,"ammonium, formate"
bortezomib,bortezomib
methoxypeg,pegmme
citrate-na,"citrate, sodium"
piperazine,piperazine
succinate/,succinate
propolyene,propylene glycol
udp-xylose,"udp, xylose, udpxylose"
naoh-hepes,hepes
natartrate,"sodium, tartrate"
tryptamine,tryptamine
imideazole,imidazole
telaprevir,telaprevir
l-tyrosine,tyrosine
photassium,potassium
(nh4)h2po4,"ammonium, phosphate"
udp-glcnac,"udp, udpglucose, n-acetylglucosamine"
salicylate,salicylate
na3citrate,"sodium, citrate"
benzamidin,benzamidin
l-arginine,arginine
d-fructose,fructose
peg-350mme,"pegmme, pegmme350"
hygromycin,hygromycin
subtilisin,subtilisin
na-formate,"sodium, formate"
o-vanillin,vanillin
glyoxylate,glyoxylate
m(nh4)2so4,"ammonium, sulfate"
p-vanillin,vanillin
"formate,100",formate
"sulphate,20",sulfate
peg3350(w/v,"peg, peg3350"
tri-lithium,lithium
griffithsin,griffithsin
tris/bicine,"tris, bicine"
nah2po4/0.8,"sodium, phosphate"
sulfoximine,sulfoximine
d-glucoside,glucoside
mg-chloride,"magnesium, chloride"
glycol-3350,"peg, peg3350"
peg-mme2000,"pegmme, pegmme2000"
polycarpine,polycarpine
perchlorate,"perchlorate, chlorate"
pentanediol,mpd
gly-gly-gly,glycylglycylglycine
acid/sodium,sodium
tacsimatetm,tacsimate
bicine-tris,"bicine, tris"
"propane,1.8",propane
gdp-mannose,"gdpmannose, gdp, mannose"
nah2po4/1.6,"sodium, phosphate"
na-fluoride,"sodium, fluoride"
nah2/k2hpo4,"sodium, potassium, phosphate"
propanediol,propylene glycol
bistris-hcl,bis-tris
maleate/hcl,maleate
na(ch3)2aso,"sodium, cacodylate"
pu-11-trans,pu-11-trans
ca(c2h3o2)2,"calcium, acetate"
polyethylen,peg
isoproponol,isopropanol
fluconazole,fluconazole
tris-malate,"tris, malate"
sulfate(the,sulfate
mes/acetate,"mes, acetate"
citrate-hcl,citrate
zn(ch3coo)2,"zinc, acetate"
tris-acetic,"tris, acetate"
nah2po4/0.1,"sodium, phosphate"
saracatinib,saracatinib
fos-choline,"choline, phosphocholine"
citrate_na3,"citrate, sodium"
iospropanol,isopropanol
benzamidine,benzamidine
25%glycerol,glycerol
atp-gamma-s,atpgammas
nh4-formate,"ammonium, formate"
20%(w/v)peg,peg
na-malonate,"malonate, sodium"
sulfonamide,sulfonamide
na3-citrate,"sodium, citrate"
nah2po4/1.2,"sodium, phosphate"
dl-tartrate,tartrate
amm.sulfate,"ammonium, sulfate"
"peg4000,0.1","peg, peg4000"
nh4sulphate,"ammonium, sulfate"
tertbutanol,tert-butanol
propranolol,propranolol
peg2000-mme,"pegmme, pegmme2000"
nh4-citrate,"ammonium, citrate"
l-glutamate,glutamate
1-monoolein,monoolein
25%pegmme2k,"pegmme, pegmme2000"
20%glycerol,glycerol
isoproponal,isopropanol
l-histidine,histidine
2-propanole,isopropanol
isopropanol,isopropanol
nh4-sulfate,"ammonium, sulfate"
monolaurate,monolaurate
glutathione,"gsh, gssg"
k-phosphate,"potassium, phosphate"
tropisetron,tropisetron
30%glycerol,glycerol
tri-citrate,citrate
cholesterol,cholesterol
isobutyrate,isobutyrate
glycine/hcl,glycine
propane-hcl,btp
mes-acetate,"mes, acetate"
citrate/mes,"citrate, mes"
bis-trishcl,bis-tris
na3.citrate,"sodium, citrate"
nah2po4/1.0,"sodium, phosphate"
peg-5000mme,"pegmme, pegmme5000"
cacodylate/,cacodylate
na+-citrate,"sodium, citrate"
r-bislysine,lysyllysine
"naacetate,5","sodium, acetate"
polythylene,peg
thiocyanate,thiocyanate
mg(ch3coo)2,"magnesium, acetate"
"acetate,0.5",acetate
isethionate,isothionate
"peg3350,0.2","peg, peg3350"
alanine/hcl,alanine
dipotassium,potassium
guanidinium,guanidine
bis-tris(ph,bis-tris
tris-buffer,tris
na-sulphate,"sodium, sulfate"
18%(w/v)peg,peg
peg-2000mme,"pegmme, pegmme2000"
bis-tris-cl,bis-tris
tris-sodium,tris
thiosulfate,thiosulfate
naktartrate,"potassium, sodium, tartrate"
octyl-beta-,octyl
acetate-hcl,acetate
mg(ch3co2)2,"magnesium, acetate"
peg5000-mme,"pegmme5000, pegmme"
d-threonine,threonine
propane/hcl,btp
co(nh3)6cl3,"cobalt, ammonium, chloride"
methane-hcl,tris
malonyl-coa,malonylcoa
dmpc/chapso,"dmpc, chaps"
phosphonate,phosphonate
bicarbonate,carbonate
tritonx-100,triton
deoxycholic,deoxycholic
oxaloacetic,oxaloacetate
(w/v)peg750,"peg, peg750"
nogalamycin,nogalamycin
nh4-acetate,"ammonium, acetate"
na-formiate,"sodium, formate"
triammonium,ammonium
isopropanal,isopropanol
d-trehalose,trehalose
citrate/hcl,citrate
peg-550-mme,"pegmmme, pegmme550"
tris-bicine,"tris, bicine"
glycine-hcl,glycine
phosphoenol,pep
carcodylate,cacodylate
"malonate,20",malonate
6-phosphate,"g6p, f6p"
maltotriose,maltotriose
li-sulphate,"lithium, sulphate"
polyethlene,peg
"peg3350,100","peg, peg3350"
hepes(ph7.5,hepes
nah2po4/0.4,"sodium, phosphate"
na(malonate,"malonate, sodium"
presqualene,presqualene
ches/sodium,ches
iso-propano,isopropanol
thiacloprid,thiacloprid
glycol-4000,"peg, peg4000"
mgcl2/cacl2,"magnesium, calcium, chloride"
udp-glucose,"udp, glucose, udpglucose"
ca(ch3co2)2,"calcium, acateate"
tert-butano,tert-butanol
"citrate,0.1",citrate
thermolysin,thermolysin
l-aspartate,aspartate
(+)-sucrose,sucrose
naphosphate,"sodium, phosphate"
fibrillarin,fibrillarin
sulfate/100,sulfate
diphosphate,phosphate
methylether,pegmme
dicyanamide,cyanamide
nasuccinate,"sodium, succinate"
isovalerate,isovalerate
k-succinate,"potassium, succinate"
isofagomine,isofagomine
bicine/tris,"bicine, tris"
pyrrolidone,pyrrolidone
acid-sodium,sodium
3-phosphate,phosphate
glecaprevir,glecaprevir
hepes(ph7.0,hepes
1-phosphate,phosphate
yttrium(iii,yttrium
propoxylate,po/oh
tris-hcl(ph,tris
calcodylate,cacodylate
polyacrylic,polyacrylate
acetate/hcl,acetate
d-ornithine,d-ornithine
"chloride,50",chloride
carboplatin,carboplatin
sulfate/peg,"sulfate, peg"
mono-methyl,pegmme
udp-glcnaca,"udp, udpglucose, n-acetyloglucosamine"
mes/peg6000,"mes, peg, peg6000"
na-tartrate,"sodium, tartrate"
"fluoride,20",fluoride
li2-sulfate,"lithium, sulfate"
bistris/hcl,bis-tris
d(+)sucrose,sucrose
resveratrol,resveratrol
caps/sodium,"caps, sodium"
"glycol,293k",glycol
l-arabinose,arabinose
"sulfate,0.1",sulfate
"sulfate,100",sulfate
n-dodecyl-n,dodecyl
sodium-tart,"sodium, tartrate"
tdp-benzene,"tdp, benzene"
propan-2-ol,isopropanol
"acetate,0.1",acetate
"peg-8000,10","peg, peg8000"
"1,4-dioxane",dioxane
bicine-naoh,bicine
risedronate,risedronate
rimantadine,rimantadine
naglutamate,"sodium, glutamate"
glucosamine,n-acetylglucosamine
d-galactose,galactose
di-ammonium,ammonium
beta-keggin,keggin
peg-mme-550,"pegmme, pegmme550"
li3-citrate,"lithium, citrate"
isopropanole,isopropanol
citrate-naoh,citrate
acetaldehyde,acetaldehyde
clothianidin,clothianidin
naoac-acetic,"sodium, acetate"
5-iodouracil,iodouracil
glycine-naoh,glycine
terephthalic,terephthalic
mes/imidazol,"mes, imidazole"
triphosphate,phosphate
methyl-ether,pegmme
di-potassium,potassium
tris-sulfate,"tris, sulfate"
nak-tartrate,"sodium, potassium, tartrate"
tris-acetate,"tris, acetate"
"chloride,0.1",chloride
aminomethane,tris
tris/acetate,"tris, acetate"
na-succinate,"sodium, succinate"
tris/maleate,"tris, maleate"
inositol-5-p,inositol-5-p
l-methionine,methionine
manganese(ii,manganese
"nacl,10%(w/v","sodium, chloride"
glycerol/peg,"glycerol, peg"
p500mme_p20k,"pegmme, pegmme500, peg, peg20000"
mes-bis-tris,"mes, bit-tris, btp"
praseodymium,praseodymium
acid/peg3350,"peg, peg3350"
saccharopine,saccharopine
tricine-naoh,tricine
"sulphate,0.1",sulfate
spermine-hcl,spermine
sodium-hepes,"sodium, hepes"
nacacodylate,"sodium, cacodylate"
inositol-6-p,inositol-6-p
4-butanediol,butanediol
hepes/sodium,"hepes, sodium"
ferricyanide,ferricyanate
heptanetriol,heptanetriol
nh4-sulphate,"ammonium, sulfate"
kthiocyanate,"potassium, thiocyanate"
ferricyanate,ferricyanate
azithromycin,azithromycin
iso-propanol,isopropanol
n-morpholino,mes
imidacloprid,imidacloprid
"glycerol,0.1",glycerol
nahepes/mops,"hepes, mops"
chymotrypsin,chymotrypsin
nakphosphate,"sodium, potassium, phosphate"
(w/v)peg3350,"peg, peg3350"
bis-tris.hcl,bis-tris
anapoe-c12e8,"anapoe, c12e8, nonionicdetergent"
peg-5000-ome,"pegmme, pegmme5000"
acetonitrile,acetonitrile
bis-tris/hcl,bis-tris
bis-tris-hcl,bis-tris
polyethylene,peg
deoxycholate,deoxycholate
hepes-sodium,hepes
(mmt)-buffer,mmt
p550mme/p20k,"pegmme, pegmme550, peg, peg20000"
na/k-tartate,"sodium, potassium, tartrate"
polyacrylate,polyacrylate
tripotassium,potassium
poly(acrylic,polyacrylate
sulfobetaine,ndsb
defluorinase,defluorinase
ribostamycin,ribostamycin
kh2phosphate,"potassium, phosphate"
d(+)-sucrose,sucrose
di-ammoinium,ammonium
polyethelene,peg
"cacl2,sodium","calcium, chloride, sodium"
d-maltoside,maltoside
polyehtylene,peg
polyglutamic,polyglutamate
myo-inositol,myo-inositol
acid/na2hpo4,"sodium, phosphate"
oxaloacetate,oxaloacetate
polyehtlyene,peg
jeffamine600,"jeffamine, jeffamine600"
cryo-xylitol,xylitol
alpha-keggin,keggin
0.1mbis-tris,"bis-tris, btp"
mycophenolic,mycophenolic
6-hexanediol,hexanediol
pyridoxamine,pyridoxamine
5'-phosphate,phosphate
tri-ammonium,ammonium
8-azaxanthin,azaxanthine
butyrlactone,butyrolactone
succinyl-coa,succinyl-coa
na-cacodylic,"sodium, cacodylate"
"bis-tris,0.2",bis-tris
progesterone,progesterone
kna-tartrate,"potassium, sodium, tartrate"
na-phosphate,"sodium, phosphate"
ethylmercury,"ethyl, mercury"
acetate-naoh,acetate
peg-mme-5000,"pegmme, pegmme5000"
nicotinamide,nicotinamide
benzaldehyde,benzaldehyde
peg-5000-mme,"pegmme, pegmme5000"
"naformate,10","sodium, formate"
anapoe-x-405,"anapoe, x-405"
ethanolamine,ethanolamine
(nh4)formate,"ammonium, formate"
p550mme_p20k,"pegmme550, pegmme, peg, peg20000"
tris-maleate,"tris, maleate"
tert-butanol,tert-butanol
l-tryptophan,tryptophan
peg_mme_2000,"pegmme, pegmme2000"
mg(ch3cooh)2,"magnesium, acetate"
hexanoyl-coa,hexanoyl-coa
hydrochloric,hydrochloric acid
hydrochlorid,hydrochloric acid
citrate/tris,"citrate, tris"
tris-propane,btp
20%peg550mme,"pegmme, pegmme550"
acetoacetate,acetoacetate
tris-glycine,"tris, glycine"
n-octyl-beta,octyl
arginine-hcl,arginine
nah4-acetate,"ammonium, acetate"
monoammonium,ammonium
(w/v)peg4000,"peg, peg4000"
k-na-tartrate,"potassium, sodium, tartrate"
aminoacidsmix,aminoacid
hydrochloride,hydrochloric acid
imidazole/mes,"imidazole, mes"
citrate(ph5.6,citrate
orthovanadate,vanadate
4-pentanediol,mpd
k/na-tartrate,"sodium, potassium, tartrate"
"cacodylate,40",cacodylate
l(+)-tartrate,tartrate
cacodylate-na,"cacodylate, sodium"
"8000,ammonium","peg, peg8000, ammonium"
benzamidinium,benzamidinium
pentaethylene,pentaethylene
tetraethylene,tetraethylene
mes-imadazole,"mes, imidazole"
dodecanedioic,dodecanedioic
mops/hepes-na,"mops, hepes"
mes/imidazole,"mes, imidazole"
monopotassium,potassium
tris-chloride,tris
kh2po4-k2hpo4,"potassium, phosphate"
phosphoserine,phosphoserine
pegmonomethyl,pegmme
iminodiacetic,iminodiacetic
imidazole-hcl,imidazole
poly-ethylene,peg
kh2po4/k2hpo4,"potassium, phosphate"
3-o-sulfamate,3-o-sulfamate
sodiumcitrate,"sodium, citrate"
acetat-puffer,acetate
sodiumformate,"sodium, formate"
triethylamine,tea
fos-choline-9,"choline, phosphocholine"
sulphobetaine,ndsb
citrate(ph4.4,citrate
(v/v)glycerol,glycerol
acid-mes-tris,"mes, tris"
d-(+)-glucose,glucose
dithiotheitol,dtt
pyrophosphate,pyrophosphate
4-nitrophenyl,4-nitrophenyl
k2hpo4/kh2po4,"potassium, phosphate"
poly(ethylene,peg
l-glutathione,"gsh, gssg"
d-(+)-sucrose,sucrose
(dmpc):chapso,chaps
aminohexanoic,aminohexanoic
nathiocyanate,"sodium, thiocyanate"
"tacsimate,0.1",tacsimate
udp-galactose,udp-galactose
ch3coona.3h2o,"sodium, acetate"
sulfo-betaine,sulfobetaine
acetazolamide,acetazolamide
acetylacetone,acetylacetone
tri-nacitrate,"sodium, citrate"
galactosamine,n-acetlygalactosamine
"chloride,0.05",chloride
3-propanediol,propylene glycol
n5-formyl-thf,"n-5-formyl-thf, thf"
monosacharide,monosacharide
imidazole/hcl,imidazole
ed-2001(ph7.0,"jeffamine, ed-2001"
trisaccharide,trisaccharide
tris-phoshate,"tris, phosphate"
acetate(ph4.6,acetate
deoxy-bigchap,deoxy-bigchap
"(nh4)2so4,0.1","ammonium, sulfate"
na-cacadylate,"sodium, cacodylate"
dithiotreitol,dtt
ketoglutarate,ketoglutarate
kp04/nap04-ph,"potassium, sodium, phosphate"
na/cacodylate,"sodium, cacodylate"
na-propionate,"sodium, propionate"
monophosphate,phosphate
cyclohexanone,cyclohexanone
glycylglycine,glycylglycine
sodiumacetate,"sodium, acetate"
guanidine-hcl,guanidine hydrochloride
pluronic-f-68,pluronic
na-cacodylate,"sodium, cacodylate"
glycerol(0.54,glycerol
fluoroacetate,trifluoroacetate
polypropylene,ppg
"1,6-hexandiol",hexanediol
8-azaxanthine,azaxanthine
mes-imidazole,"mes, imidazole"
nadh/l-malate,"nadh, malate"
phenylalanine,phenylalanine
methylpentane,methylpentane
"2-propanol,20",isopropanol
tetrachloride,chloride
dl-isocitrate,isocitrate
bicine/sodium,bicine
beta-mercapto,beta-mercaptoethanol
ethoxyethanol,ethoxyethanol
na-dithionite,"sodium, dithionite"
propionyl-coa,propionyl-coa
staurosporine,staurosporine
na-cacodilate,"sodium, cacodilate"
k-thiocyanate,"potassium, thiocyanate"
mono-ammonium,ammonium
[co(nh3)6]cl3,"cobalt, chloride, ammonium"
na/k-tartrate,"sodium, potassium, tartrate"
mops/na-hepes,"mops, hepes"
natetraborate,"sodium, borate"
imidazole-mes,"imidazole, mes"
na-k-tartrate,"sodium, potassium, tartrate"
butyrolactone,butyrolactone
ethylenglycol,peg
bicine/trizma,"bicine, tris"
tri-potassium,potassium
mpd_p1k_p3350,"mpd, peg, peg1000, peg3350"
na/mes/acetate,"mes, acetate"
"1,3-butanediol",butanediol
sodiumformiate,"sodium, formate"
2-ethylestrone,2-ethylestrone
pentaerythitol,po/oh
citrate/sodium,"citrate, sodium"
dithiothreitol,dtt
ammoniumiodide,"ammonium, iodide"
n-5-formyl-thf,"n-5-formyl-thf, thf"
glyceraldehyde,glyceraldehyde
mega8-solution,"mega, mega8, nonionicdetergent"
methanol/water,methanol
k2hpo4/nah2po4,"potassium, phosphate"
nonylglucoside,"nonyl, nonylglucoside, glucoside"
thiosalicylate,thiosalicylate
"1,2-ethanediol",ethylene glycol
dibasic/citric,citrate
acetate/acetic,acetate
6-aminocaproic,6-aminocaproic
acetate-buffer,acetate
"1,6-hexanediol",hexanediol
gdp-perosamine,gdp-perosamine
ammoniumacetat,"ammonium, acetate"
peg4000/sodium,"peg, peg4000, sodium"
pb(oac)2(oh2)2,"lead, acetate"
citrate-citric,citrate
dibasic/sodium,sodium
cacodylate-hcl,cacodylate
1.6-hexanediol,hexanediol
nadh/l-lactate,"nadh, lactate"
2-oxoglutarate,2-oxoglutarate
nadh/l-oxamate,"nadh, oxamate"
k/na-phosphate,"sodium, potassium phosphate"
na-thiocyanate,"sodium, thiocyanate"
cacodylate/hcl,cacodylate
acetic-acetate,acetate
"12%(w/v)20,000","peg, peg20000"
"1,2-butanediol",butanediol
dithiotreithol,dtt
monosaccharide,monosaccharide
tri-na-citrate,"tris, sodium, citrate"
sodium-citrate,"sodium, citrate"
kh2po4/na2hpo4,"potassium, phosphate"
hepes/naohph=8,hepes
3-n-morpholino,morpholino
na3citrate-hcl,"sodium, citrate"
ribonucleotide,ribose
"1,2-propandiol",propylene glycol
"4000,magnesium","magnesium, peg, peg4000"
glycyl-glycine,glycylglycine
citrate/citric,citrate
peg-monomethyl,pegmme
protoporphyrin,protoporphyrin
dithiothrietol,dtt
nitromethylene,nitromethylene
calciumacetate,"calcium, acetate"
"li2so4,acetate","lithium, sufate, acetate"
pegmme5000/0.2,"pegmme, pegmme5000"
b-nicotinamide,nicotinamide
isothiocyanate,isothiocyanate
hexaminecobalt,"hexamine, cobalt"
enmetazobactam,enmetazobactam
8-azaxthantine,azaxanthine
hepes-na(ph7.5,hepes
na-k-phosphate,"sodium, potassium, phosphate"
spiroadamantyl,spiroadamantyl
methylmercuric,"methyl, mercury"
monoethylether,pegmme
methylmalonate,"methyl, malonate"
"1,4-butanediol",butanediol
citrate-buffer,citrate
pentaerythriol,po/oh
glutaraldehyde,glutaraldehyde
monosacharides,monosaccharide
"1,2-hexanediol",hexanediol
bis-tris(ph5.5,bis-tris
acetylcoenzyme,accoa
ethanesulfonic,mes
l-(+)-ammonium,ammonium
kh2po4/citrate,"potassium, phosphate, citrate"
propane/citric,"btp, citrate"
phosphocholine,phosphocholine
tris-phosphate,"trsi, phosphate"
sodium-acetate,"sodium, acetate"
dithiotheritol,dtt
lithiumsulfate,"lithium, sulfate"
nah2po4/kh2po4,"sodium, potassium, phosphate"
na2hpo4:citric,"sodium, phosphate, citrate"
deoxyguanosine,deoxyguanosine
acetate-acetic,acetate
1.4-butanediol,butanediol
alpha-glucosyl,alpha-glucosyl
sulfate/sodium,"sulfate, sodium"
na/k-phosphate,"sodium, potassium, phosphate"
"hexanediol-1,6",hexanediol
tris-hcl(ph8.5,tris
monobasic/1600,"peg, peg1600"
dihydroorotate,orotate
lithiumacetate,"lithium, acetate"
"2,3-butanediol",butanediol
nah2po4/k2hpo4,"sodium, potassium, phosphate"
protein-biotin,biotin
n-(2-acetamido,acetamid
orthophosphate,phosphate
endoproteinase,endoproteinase
tri-li-citrate,"lithium, citrate"
spermidine-hcl,spermidine
ethyleneglycol,ethylene glycol
bistrispropane,btp
na2hpo4/kh2po4,"sodium, potassium, phosphate"
octylglucoside,"octylglucoside, octyl, glucoside"
ammoniumsulfat,"ammonium, sulfate"
trimethylamine,tma
monobasic/1200,"peg, peg1200"
cyclohexylamine,cyclohexylamine
3-aminopyridine,3-aminopyridine
1d-myo-inositol,myo-inositol
propanesulfonic,mops
cacodylate/tris,"cacodylate, tris"
polyethylglycol,peg
acetyl-coenzyme,accoa
"isopropanol,0.1",isopropanol
2-iodomelatonin,2-iodomelatonin
ammoniumsulfate,"ammonium, sulfate"
tri-methylamine,tma
saccharolactone,"saccharolactone, lactone"
phosphotyrosine,phosphotyrosine
monomethylether,pegmme
trifluoroacetic,trifluoroacetate
triethanolamine,tea
mercaptoethanol,beta-mercaptoethanol
acetate:15mg/ml,acetate
polyoxometalate,polyoxometalate
"1,3-propanediol",propylene glycol
octyl-glucoside,"octylglucoside, octyl, glucoside"
acetoacetyl-coa,accoa
sodium-tartrate,"sodium, tartrate"
benzamidine-hcl,benzamidine
pentaerythrytol,po/oh
tribasic/citric,citrate
4-hydroxybenzyl,4-hydroxybenzyl
monomethylethyl,pegmme
6-aminohexanoic,aminohexanoic
"iso-propanol,20",isopropanol
pentaerythritol,po/oh
imidazole(ph6.5,imidazole
tetrahydrofuran,thf
monosaccharides,monosaccharide
sodium/potasium,"sodium, potassium"
acetohydroxamic,acetohydroxamic
calciumchloride,"calcium, chloride"
30%polyethylene,peg
"2,4-pentanediol",mpd
sodium-malonate,"sodium, malonate"
2-ethoxyethanol,2-ethoxyethanol
ammoniumacetate,"ammonium, acetate"
"isopropanol,200",isopropanol
"acetate,10mg/ml",acetate
bistris-propane,btp
"1,5-pentanediol",mpd
li3(c3h5o(coo)3,"lithium, citrate"
phospho-citrate,"phosphate, citrate"
"hexane-1,6-diol",hexanediol
n-oxalylglycine,n-oxalylglycine
monomethylester,pegmme
bis-trispropane,btp
ammoniumcitrate,"ammonium, citrate"
ethoxylate(15/4,po/oh
hexamminecobalt,"hexamine, cobalt"
dichloromethane,dcm
imidazole/malic,"imidzaole, malate"
"butane-1,4-diol",butanediol
"(saturated),peg",peg
monopalmitolein,monopalmitolein
dithiodiethanol,dithiodiethanol
lithiumsulphate,"lithium, sulphate"
"1,2-propanediol",propylene glycol
pentaerythrivol,po/oh
(v/v)ethanediol,ethylene glycol
ethylene-glycol,ethylene glycol
na2hpo4-citrate,"sodium, phosphate, citrate"
dihydrochloride,chloride
cacodylate-naoh,cacodylate
citrate/citrate,citrate
propoxylate(5/4,po/oh
chloramphenicol,chloramphenicol
malate/mes/tris,"malate, mes, tris"
glucopyranoside,glucoside
hexadecanedioic,hexadecanedioic
d-(+)-galactose,galactose
decylubiquinone,decylubiquinone
meso-erythritol,meso-erythritol
merceptoethanol,beta-mercaptoethanol
lithium-sulfate,"lithium, sulfate"
na3c6h5o7-c6h8o7,"sodium, citrate"
hexakisphosphate,phosphate
ammoniumchloride,"ammonium, chloride"
4-hydroxybenzoyl,4-hydroxybenzoyl
cacodylate(ph6.4,cacodylate
3-aminobenzamide,3-aminobenzamide
monomethyl-ether,pegmme
monobasic/sodium,sodium
sodiumcacodylate,"sodium, cacodylate"
hexaminecobaltic,"hexamine, cobalt"
imidazole-malate,"imidazole, malate"
hepes/naohph=7.2,hepes
sodium/phosphate,"sodium, phosphate"
morpheus_edo_p8k,"ethylene glycol, peg, peg8000"
nitrilotriacetic,nitrilotriacetic
na-cacodylate(ph,"sodium, cacodylate"
dihydrophosphate,phosphate
potassium-sodium,"potassium, sodium"
mercaptoethanol,beta-mercaptoethanol
2-ethylestradiol,2-ethylestradiol
tetrahydrofolate,tetrahydrofolate
ammonium-sulfate,"ammonium, sulfate"
beta-alanine/koh,alanine
hexaamminecobalt,"hexamine, cobalt"
trifluoroethanol,trifluoroethanol
dithioerythritol,dtt
triflouroethanol,trifluoroethanol
citrate-phophate,"citrate, phospate"
penta-erythritol,po/oh
tertiary-butanol,tert-butanol
b-octylglucoside,"octylglucoside, octyl, glucoside"
sulfobetaine-195,"ndsb, ndsb195"
pentaerythritole,po/oh
n-octylglucoside,"octylglucoside, octyl, glucoside"
tetraoxyethylene,tetraoxyethylene
citrate/bis-tris,"citrate, bis-tris"
bis-tris-methane,btm
undecylmaltoside,"undecylmaltoside, undecyl, glucoside"
sodium-phosphate,"sodium, phosphate"
beta-d-maltoside,maltoside
malate/imidazole,"malate, imidazole"
citrate/ammonium,"citrate, ammonium"
ammonium-citrate,"ammonium, citrate"
phosphate/citric,"phosphate, citrate"
2-mecaptoethanol,beta-mercaptoethanol
pentaerythritiol,po/oh
l-allo-threonine,threonine
dethiaacetyl-coa,accoa
(v/v)isopropanol,isopropanol
dihydroneopterin,dihydroneopterin
praseodymium(iii,praseodymium
lysophosphatidic,lysophosphatidic
monoacylglycerol,monoacyloglycerol
ammonium-acetate,"ammonium, acetate"
sodium/potassium,"sodium, potassium"
imidazole/malate,"imidazole, malate"
bis_tris_propane,btp
hepes/naohph=7.4,hepes
sodium-potassium,"sodium, potassium"
"propane-1,2-diol",isopropanol
bis-tris-propane,btp
ammoniumsulphate,"ammonium, sulfate"
praseodimium(iii,praseodymium
methanol/ethanol,"methanol, ethanol"
peg20k-peg550mme,"peg, peg20000, pegmme, pegmme550"
ammonium_sulfate,"ammonium, sulfate"
2-mercaptoethanol,beta-mercaptoethanol
polyethyleneimine,pei
dl-dithiothreitol,dtt
(w/v)polyethylene,peg
dodecyl-maltoside,"dodecylmaltoside, dodecyl, maltoside"
n-octanoylsucrose,"octylsucrose, octyl"
dimethylsulfoxide,dmso
propionate/sodium,"propionate, sodium"
n-dimethylglycine,dimethylglycine
phosphate-citrate,"phosphate, citrate"
polyethylenglycol,peg
b-mercaptoethanol,beta-mercaptoethanol
p-hydroxybenzoate,p-hydroxybenzoate
triethyleneglycol,peg
b-octyl-glucodise,"octylglucoside, octyl, glucoside"
4-hydroxyphenacyl,4-hydroxyphenacyl
phosphate-dibasic,phosphate
d-glucopyranoside,glucoside
polietilenoglicol,peg
peg550-monomethyl,"pegmme, pegmme550"
trifluoropyruvate,trifluoropyruvate
nonyl-d-glucoside,"nonylglucoside, nonyl, glucoside"
"r)-2,3-butanediol",butanediol
"1,8-diaminooctane",diaminooctane
pentakisphosphate,phosphate
"1,6-diaminohexane",diaminohexane
o6-methyl-2'-dgtp,dgtp
magnesiumchloride,"megnesium, chloride"
sodium-cacodylate,"sodium, cacodylate"
"peg8000,trimethyl","peg, peg8000"
4-phenylimidazole,phenylimidazole
2-methylimidazole,methylimidazole
2'-deoxyadenosine,damp
magnesium/calcium,"magnesium, calcium"
tris(base):bicine,"tris, bicine"
4-methylimidazole,methylimidazole
3-hydroxybutyrate,hydroxybutyrate
citrate/phosphate,"citrate, phosphate"
methylpentanediol,mpd
imidazole/maleate,"imidazole, maleate"
beta-cyclodextrin,cyclodextrin
dhfr-folate-nadp+,"dihydrofolate, folate, nadp"
thiopyrophosphate,thiopyrophosphate
tris(base)/bicine,"tris, bicine"
citrate-phosphate,"citrate, phosphate"
"1,4-diaminobutane",diaminobutane
hydrogenphosphate,phosphate
phosphate/citrate,"phosphate, citrate"
n-decyl-maltoside,"decylmaltoside, decyl, maltoside"
"1,2,6-hexanetriol",hexanetriol
na-isothiocyanate,"sodium, isothiocyanate"
fucose-containing,fucose
trimethylamine-hcl,tma
"peg4000,2-propanol","peg, peg4000, isopropanol"
dtt(dithiothreitol,dtt
gamma-butrylactone,butyrolactone
polyacrylate/hepes,"polyacrylate, hepes"
dl-malate-mes-tris,"malate, mes, tris"
2-phosphoglycolate,2-phosphoglycolate
"1,5-diaminopentane",diaminopentan
"sulfate,2-propanol","sulfate, isopropanol"
polypropylenglycol,ppg
glycerol-phosphate,glycerol-phosphate
tris-hydrochloride,tris
octylthioglucoside,octylthioglucoside
"1,3-diaminopropane",diaminopropane
dimethylsulphoxide,dmso
tartrate-4-hydrate,tartrate
polyethyleneglycol,peg
magnesium-chloride,"magnesium, chloride"
gamma-butyrlactone,butyrolactone
tetraethylammonium,tetraethylammonium
perfluoropolyether,perfluoropolyether
cobalt(ii)chloride,"cobalt, chloride"
methyl-pentanediol,mpd
beta-methylene-atp,"beta-methylene-atp, atp"
tcep-hydrochloride,tcep
1-deoxynojirimycin,1-deoxynojirimycin
tri-sodium-citrate,"sodium, citrate"
"1,5-diaminopentene",diaminopentane
3-phosphoglycerate,3pg
monobasic/potassium,potassium
d-3-hydroxybutyrate,hydroxybutyrate
cacodylate/bis-tris,"cacodylate, bis-tris"
triethanolamine/hcl,tea
2-methyl-2-propanol,2-methyl-2-propanol
gdp-alpha-d-mannose,"gdpmannose, gdp, mannose"
phosphate-monobasic,phosphate
glutathione(reduced,gsh
methyl-pentane-diol,methyl-pentanediol
mpd_peg1000_peg3350,"mpd, peg, peg1000, peg3350"
"1,10-phenanthroline","1,10-phenanthroline"
mpd/peg1000/peg3350,"mpd, peg, peg1000, peg3350"
betamercaptoethanol,beta-mercaptoethanol
phosphoenolpyruvate,pep
alpha-ketoglutarate,ketoglutarate
2-methylpentanediol,mpd
tris(2-carboxyethyl,tris
n-octyl-d-glucoside,"octylglucoside, octyl, glucoside"
hexamminecobalt(iii,"hexamine, cobalt"
cobalt(iii)chloride,"cobalt, chloride"
glucose-6-phosphate,g6p
n-acetylglucosamine,n-acetylglucosamine
poly-gamma-glutamic,polyglutamate
polypropyleneglycol,ppg
tetraethyleneglycol,peg
n-perfluorohexanoyl,n-perfluorohexanoyl
gamma-butyrolactone,butyrolactone
beta-octylglucoside,"octylglucoside, octyl, glucoside"
dl-malate-imidazole,"malate, imidazole"
"2,2'-anhydrouridine","2,2'-anhydrouridine"
tetramethylammonium,tetramethylammonium
"heptane-1,2,3-triol",heptanetriol
dihydrogenphosphate,phosphate
triethanolamine-hcl,tea
3-mercaptopicolinic,3-mercaptopicolinic
pentaethyleneglycol,peg
k2hpo4/kh2po4/h3po4,"potassium, phosphate"
d-3-phosphoglycerate,3pg
polyethyleneglycerol,peg
beta-mercaptoethanol,beta-mercaptoethanol
methoxy-polyethylene,pegmme
methylether-peg-5000,"pegmme, pegmme5000"
beta-octyl-glucoside,"octylglucoside, octyl, glucoside"
gamma-butyrolacetone,butyrolactone
hexaamminecobalt(iii,"hexamine, cobalt"
2-hydroxybutyryl-coa,2-hydroxybutyryl-coa
octyl-beta-glucoside,"octylglucoside, octyl, glucoside"
acetate(0.1m)-buffer,acetate
bis-tris-methane-hcl,btm
alpha-glucopyranosyl,glucose
polyvinylpyrrolidone,pvp
bis-tris-propane-hcl,btp
na-phosphate/citrate,"sodium, phosphate, citrate"
4-hydroxybenzoyl-coa,4-hydroxybenzoyl-coa
2-aminobenzimidazole,aminobeznimidazole
dithioerythritol(dte,dtt
fructose-6-phosphate,f6p
novobiocin-adamantyl,novobiocin-adamantyl
946;-mercaptoethanol,beta-mercatoethanol
arabinose-5-phosphate,arabinose-5-phosphate
n-octyl-b-d-glucoside,"octylglucoside, octyl, glucoside"
beta-glycerophosphate,glycerol-phosphate
monohydrate-potassium,potassium
"l-2,4-diaminobutyrate",diaminobutyrate
glycol-550-monomethyl,"pegmme, pegmme500"
pyridoxal-5-phosphate,pyridoxal
desnitro-imidacloprid,desnitro-imidacloprid
dtdp-3-aminoquinovose,dtdp-3-aminoquinovose
dimethylethylammonium,dimethylethylammonium
monohydrate/potassium,potassium
diammonium-l-tartrate,"ammonium, tartrate"
hoc(coona)(ch2coona)2,"sodium, citrate"
glycyl-glycyl-glycine,glycylglycylglycine
"2,4-methylpentanediol",mpd
n-decyl-b-d-maltoside,"decylmaltoside, decyl, maltoside"
b-octylglucopyranoside,"octyl, octylglucoside, glucoside"
p-chloromercuribenzoic,chloromercurobenzoate
dodecylmaltopyranoside,"dodecylmaltoside, dodecyl, maltoside"
p-chloromercurybenzene,chloromercurobenzoate
lithium-meta-tantalate,"lithium, tantalate"
n-dimethyldodecylamine,ddao
"2,2,2-trifluoroethanol",trifluoroethanol
beta-d-glucopyranoside,glucoside
n-beta-octyl-glucoside,"octylglucoside, octyl, glucoside"
s-adenosylhomocysteine,s-adenosylhomocysteine
n-octylglucopyranoside,"octylglucoside, octyl, glucoside"
pyridoxal-5'-phosphate,pyridoxal
peg-5000-o-methylether,"pegmme, pegmme5000"
p-chloromercurybenzoic,chloromercurobenzoate
trimethylamine-n-oxide,tea
"methyl-2,4-pentanediol",mpd
imidazole/hydrochloric,imidazole
cetyltrimethylammonium,cetyltrimethylammonium
n-acetyl-d-glucosamine,n-acetylglucosamine
n-abietoyl-l-tryptophan,n-abietoyl-l-tryptophan
"2-methyl-2,4-pentandiol",methylpentanediol
hexatungstotellurate(vi,"tungstate, tellurate"
cacodylate/hydrochloric,cacodylate
octyl-b-glucopyranoside,"octylglucoside, octyl, glucoside"
5-phospho-d-arabinonate,arabinose-5-phosphate
sulfonato-calix[8]arene,sulfonato-calix[8]arene
2-hydroxyethyldisulfide,2-hydroxyethyldisulfide
udp-n-acetylglucosamine,"udp, udpglucose, n-acetyloglucosamine"
n-hexanoyl-l-homoserine,hexanoyl-homoserine
n-dodecyl-b-d-maltoside,"dodecylmaltoside, dodecyl, maltoside"
trimethyl-amino-n-oxide,tea
alpha-d-mannopyranoside,mannoside
nh4-dihydrogenphosphate,"ammonium, phosphate"
n-dimethylamine-n-oxide,dma
"3,4,5-trimethylthiazole","3,4,5-trimethylthiazole"
bis-tris/hepes/tris-hcl,"bis-tris, hepes, tris"
3-(1-pyridino)-1-propane,3-(1-pyridino)-1-propane
n-octyl-beta-d-glucoside,"octylglucoside, octyl, glucoside"
morpholinoethanesulfonic,mes
4-hydroxymercurybenzoate,hydroxymercurybenzoate
n-decyl-beta-d-maltoside,"decylmaltoside, decyl, maltoside"
malonate-imidazole-boric,"malonate, imidzaole, borate"
morpholineethanesulfonic,mes
"2-methyl-2,4-pentanediol",mpd
"5a,6-anhydrotetracycline","5a,6-anhydrotetracycline"
adenosine-5-triphosphate,atp
p-hydroxymercuribenzoate,hydroxymercurobenzoate
"1,10-orthophenanthroline","1,10-phenanthroline"
"2-methylpentane-2,4-diol",mpd
"2-methyl-1,3-propanediol",mpp
morpholinoethanesulfonate,mes
sodium-acetate-trihydrate,"sodium, acetate"
"fructose-1,6-bisphosphate",f16bp
c4-pyridoxal-5p-phosphate,pyridoxal
para-chloromercuribenzoic,chloromercurobenzoate
n-hexadecyl-b-d-maltoside,"hexadecylmaltoside, hexadecyl"
morpholino-ethanesulfonic,mes
4-methylbenzylphosphonate,4-methylbenzylphosphonate
n-octyl-r-glucopyranoside,"octylglucoside, octyl, glucoside"
s-adenosyl-l-homocysteine,s-adenosylhomocysteine
adenosine-5'-triphosphate,atp
morpholino)ethanesulfonic,mes
4-(hydroxymercurybenzoate,hydroxymercurobenzoate
beta-octylglucopyranoside,"octylglucoside, octyl, glucoside"
pentaerythritolethoxylate,po/oh
malonate-imidazole-borate,"malonate, imidazole, borate"
4-(hydroxymercury)benzoate,
4-(hydroxymercuri)benzoate,hydroxymercurobenzoate
octanoyl-n-methylglucamide,octanoyl-n-methylglucamide
hexadecyltrimethylammonium,hexadecyltrimethylammonium
polyethyleneglycol(peg)400,"peg, peg400"
sodium/potassium-phosphate,"sodium, potassium, phosphate"
sodium-potassium-tartarate,"sodium, potassium, tartrate"
"2-methyl-pentane-2,4-diole",mpd
2-morpholinoethanesulfonic,mes
ethylenediaminetetraacetic,edta
4-morpholineethanesulfonic,mes
heptyl-thiol-b-d-glucoside,"heptylthiolglucoside, heptyl, glucoside"
n-dodecyl-beta-d-maltoside,"dodecylmaltoside, dodecyl, maltoside"
2-morpholinopropanesulfonic,mops
pentaerythritolethyloxylate,po/oh
succinate-phosphate-glycine,"succinate, phosphate, glycine"
n-octyl-b-d-glucopyranoside,"octylglucoside, octyl, glucoside"
succinate/phosphate/glycine,"succinate, phosphate, glycine"
ammoniumdihydrogenphosphate,"ammonium, phosphate"
1-butyl-3-methylimidazolium,1-butyl-3-methylimidazole
benzo(b)thiophene-2-boronic,benzo(b)thiophene-2-boronic
pentaerythritol-propoxylate,po/oh
n-dimethyldecylamine-n-oxide,ddao
octyl-beta-d-glucopyranoside,"octylglucoside, octyl, glucoside"
hexamminecobalt(iii)chloride,"hexamine, cobalt, chloride"
n-bis(2-hydroxyethyl)glycine,bicine
n-(2-acetamido)iminodiacetic,iminodiacetic
"(4s)-2-methyl-2,4-pentanediol",mpd
n-tetradecyl-beta-d-maltoside,"tetradecylmaltoside, tetradecyl, maltoside"
tris(2-carboxyethyl)phosphine,tcep
2-(n-morpholino)ethanesulfonic,mes
"(+/-)-2-methyl-2,4-pentanediol",mpd
n-octyl-beta-d-glucopyranoside,"octylglucoside, octyl, glucoside"
2-[n-morpholino]ethanesulfonic,mes
3-morpholinopropane-1-sulfonic,mops
n-decyl-beta-d-maltopyranoside,"decylmaltoside, decyl, maltoside"
tris(hydroxymethyl)aminomethan,tris
tris-(2-carboxyethyl)phosphine,tcep
tris(2-carboxyethyl)-phosphine,tcep
n-dimethyldodecylamine-n-oxide,ddao
3-(n-morpholino)propanesulfonic,mops
p-chloromercuriphenylsulphonate,chloromercurobenzoate
n-heptyl-beta-d-glucopyranoside,"heptylglucoside, heptyl"
tris(hydroxymethyl)aminomethane,tris
2-(n-morpholino)-ethanesulfonic,mes
2-[n-morpholino]ethane-sulfonic,mes
dimethyl(2-hydroxyethyl)ammonium,dimethylaminoethanol
2-hydroxypropyl-beta-cyclodextrin,cyclodextrin
n-benzoyl-n'-beta-d-glucopyranosyl,"benzoylglucoside, benzoyl, glucoside"
polyetheleneglycolemonomethylether,pegmme
"dtdp-3-amino-3,6-dideoxy-d-glucose","dtdp, dtdpglucose, glucose"
n-cyclohexyl-2-aminoethanesulfonic,ches
cyclohexyl-methyl-beta-d-maltoside,"cyclohexylmethylmaltoside, cyclohexylmethyl, maltoside"
n-enanthyl-l-prolyl-l-phenylalanine,enanthylprolylphenylalanine
n-cyclohexyl-3-aminopropanesulfonic,ches
5'-o-[n-(dehydroluciferyl)-sulfamoyl,5'-o-[n-(dehydroluciferyl)-sulfamoyl
"dtdp-3-amino-3,6-dideoxy-d-galactose","dtdp, dtdpglucose, glucose"
dimethylethyl-(3-sulfopropyl)-ammonium,dimethylethyl-(3-sulfopropyl)-ammonium
n-carboxybenzyl-l-prolyl-l-phenylalanine,carboxybenzylprolylphenylalanine
n-(5-cyclohexyl)valeroyl-l-phenylalanine,cyclohexylveleroylphenylalanine
3-(n-morpholino)-2-hydroxypropanesulfonic,mopso
n-bis(2-hydroxyethyl)-2-aminoethanesulfonic,bes
4-(2-hydroxyethyl)-1-piperazineethanesulfonic,hepes
4-(2-hydroxyethyl)piperazine-1-ethanesulfonic,hepes
"1,3-bis(tris(hydroxymethyl)methylamino)propane",btp
4-(2-hydroxyethyl)-piperazine-1-ethanesulfonic,hepes
4-(2-hydroxyethyl)-1-piperazineethanesulfonate,hepes
n-(2-hydroxyethyl)piperazine-n-(2-ethanesulfonic,hepes
"udp-2-acetamido-4-amino-2,4,3-trideoxy-d-glucose","udpglucose, glucose, udp"
"1,2-dimyristoyl-sn-glycero-3-phosphatidylcholine","1,2-dimyristoyl-sn-glycero-3-phosphatidylcholine"
"6,6,6-trifluoro-5-hydroxy-3-oxo-5-phenyl-hexanoate","6,6,6-trifluoro-5-hydroxy-3-oxo-5-phenyl-hexanoate"
n-{2-[4-(trifluoromethoxy)phenoxy]}acetoyl-l-phenylalanine,n-{2-[4-(trifluoromethoxy)phenoxy]}acetoyl-l-phenylalanine
