"4),",ice,(5%,(25,lbd,aps,bes,tcp,(1m,mg.,2ml,ddt,10m,(~5,"v),",12h,8k.,ttr,iso,10k,(17,rsl,16c,its,sat,psi,(mw,5).,old,"1k,","42,","38,",w/w,gsh,mul,dpd,kna,"25,",idh,d2o,"3k,",rt:,8ul,cit,ppg,c2b,"ki,",u3s,(or,(mr,"ml,",(at,1+1,um),"s.,","v.,",mpg,mkl,(13,(35,gly,"m),",#87,[25,li3,dpa,"5,5",lpv,udp,up.,mag,bar,iii,1nm,gps,fed,ctp,"4%,",pet,ttp,"(r,",cmp,2og,a12,dip,"7%,",(7%,ip3,pep,na3,7).,"up,",mmt,gtp,8k;,tag,apo,na2,"m.,",meq,x/v,"3%,",c).,"in,",ump,coa,d-l,(ie,kcn,may,mib,pge,no3,"9%,",na-,(up,ion,"
1",(v/,20k,25k,22k,(59,ph7,w/o,18k,"rt,",cpa,.1m,15k,"0,1",bis,con,24k,lot,16k,21k,end,13k,"
8",17k,kpi,"1,4",fad,kcl,egg,mg/,bme,few,nai,mtx,mdl,dmf,(15,"
4",nh4,mm;,fbp,4%),naf,low,hen,btp,[10,way,mix,(14,ca.,big,gel,(2m,"1,6",01m,5ul,p21,g6p,7mm,(6%,air,pbs,tea,"8.,","5.,",sam,19k,(3%,pek,"8),",nak,8ml,dt.,am.,"ph,",add,ph:,due,imp,1ml,2ul,kh2,po4,o.2,18c,21c,ph6,"
+",hr.,bba,bck,(ar,"1m,","k),",(16,ib2,23k,dte,"
3","3m,","
6",(9%,lre,gol,bef,cut,btb,co-,iss,n2),??m,#28,[50,tbg,mgl,cm2,utp,"h6,",b11,22-,h5:,bta,oc.,ph-,g7),e1:,o/n,"m
",ddm,"fd,",b10,mol,phy,eg.,[20,eng,0-4,(2%,3na,kmb,kmo,g7:,dho,g4:,gpp,ipn,"1),",h2),#65,~13,dl-,"6,5",scn,#45,"b4,",m/v,a8:,10*,pea,c2:,bp2,stx,7)),tew,aaa,5'-,sbv,"ht,",lys,sbg,aal,c9:,~12,hsa,tce,14c,kn2,mw.,tir,sf9,1%.,(#9,eg],wck,pbt,"14,",cd2,f6.,f7:,~35,3&4,a6:,h12,pvp,ap1,kac,map,act,dc;,(33,??c,tdh,edo,dhp,eth,eg:,bsi,efe,(+4,d7),c3:,nms,20m,kpo,xiv,"dc,",~1m,xvi,peh,koh,b6:,aha,e6:,c6:,g8:,ebs,d9:,"a4,",ml;,"80,",(4%,f1:,"4m,",d4:,sds,"f9,",d7:,"a8,",tes,aid,"on,","d6,",e4:,g3:,li2,25c,bio,4k;,(26,(80,dcs,hit,dih,e9:,"2,5","a5,",pag,k15,"v8,","
(","og,",g10,16h,f9:,e2:,a2:,"a6,","h9,","f1,",fol,b3:,25-,"d7,","d3,",b5:,~ph,dmo,a3:,mrc,"b5,",f2:,f6p,cko,oac,c10,lcp,uox,8c.,1h.,sah,72h,dry,(19,mg;,"12,",na+,gmp,"h5,",aab,(21,eg;,kdo,c7:,asd,"a3,",c6c,p.h,ans,b2:,e12,sd2,it.,"2a,",wt%,f3:,"6%,",db:,"g8,","g5,",10),"b9,",a9:,#92,"h1,",10x,"g2,",mmw,f8.,p/v,nl),(47,a7:,c12,"c5,",d/l,nsc,h7:,#1:,ihs,mpd,mes,"9.,",hrs,t=4,pga,deg,ams,tfe,(10,dtt,his,mm3,mme,"6.,",gdp,1).,2mm,(20,in:,pdb,was,amm,day,5mm,the,peg,adp,one,atp,plp,ada,1mm,so4,"ar,","1%,",hcl,amp,nad,two,"nog,",etoh,02.m,sgpp,h12:,g10:,"i3c,","c12,",2.6m,"2.9,",co2+,best,conc,"pgh,",ahpd,"6-8,","edo,","e11,",soln,4.8.,6.8.,"oik,",gssg,temp,so4.,12um,mwco,meso,15ul,ches,10ul,h2o),"19%,",kscn,35um,100m,1:1),7-8%,(22%,a.m.,zpr.,"pbs,",ampc,6.1.,"p8k,",pegs,mk-2,"8.1,",d12:,pfpc,"5-9,",farm,g12:,"4.1,",mmcr,"tea,",pmsf,"b-4,",(~20,"ion,",12mm,1.5l,0.7m,289k,"gdp,",0-5%,"3.9,","bec,",abh.,"h11,",5.8;,"fdh,",jnk3,(8.7,ung2,5.7),95um,licl,7.8.,meoh,8.6.,pdtp,nadp,apcf,"b10,","g12,",79mm,a10:,).1m,8.3.,e11:,"kdo,",plp.,8.2;,"600,",(mdl,ph's,80mm,(0.2,"b11,",h11:,"38%,","h10,",grb2,"cit,",upon,4.6.,(~12,9.5;,sol.,"k,na","ph4,","8.4,",7-9%,nabr,"mix,",275k,nacl,(8.8,"cdp,",302k,host,"low,","2og,",0.9m,na-k,30um,"3.2,",0.21,mg/l,nai.,"18c,",(ttp,"10k,",adp.,"5.1,",gas.,(art,na2s,dudp,303k,na/k,nh4f,mek1,mihs,0-25,8.9),"ice,",dutp,"8.6,",8.8),jeff,"pap,","7-9,",(6.5,pcpt,"4.2,",282k,ssei,(2.2,(6.0,"350,",1aw5,"atp,",mg2+,mmp9,room,"e10,","9.8,",cold,"
15","
4%","ppi,",ns5b,d10.,"30%,",cyro,"
25",fad.,"
na",four,"vii,",42mm,k/na,"9.1,","
12",nad+,550;,goes,"h12,","min,",f10:,248),"
27",305k,"832,",ni2+,"ump,",dtt;,b12:,nad;,(2.4,min.,"
30",291k,"tis,",sp-a,f12:,44mm,sat.,"20),","1ul,",h2o2,mme.,"ans,",chap,"20c,",q83s,naci,(1.4,tirs,"v/v,",mura,7.3-,5.8.,prpp,"
22",c10:,"mtt,",peg3,jrnl,taps,fhit,"5.3,",284k,73mm,301k,4.2m,4.4m,550),61mm,"f11,",4.0;,"oac,","pdf,","14%,","gol,",5-9%,ul):,3.5),"8,5,","4.6,",glpf,35mm,"tmp,","1,4-","mm.,","8,5;",citr,"pga,",0.8m,"mmt,",i.e.,hcl.,m.s.,mono,"31%,",50ul,10k;,",0.1",1-2m,mthf,(ref,"anp,",5.9.,4.1m,(150,t=20,4.7;,egta,pegl,6.7;,they,3-5%,mix.,(20%,"sam,","d60,",[100,sulf,4-7%,17mm,mn2+,c8e4,4.0),"aps,","pcb,",mag.,move,dhap,(1m),imid,"ppg,",(60%,"dfp,",1-8%,2mul,13mm,"nai,","238,",amm.,hcl;,"256,",ndsb,"bmp,",prot,313k,"mdp,",20%v,(12%,7.9.,"nl),","
6%",soc.,292k,"idh,",(3:1,"60%,",16c.,"195,",20k),6.6),dhfr,4.1),k-na,mm3),"2.5,",ph5;,(ww),than,spin,dmso,rbcl,(7.5,(25%,cacl,was:,"koh,","1mm,",60mm,ldao,tera,5.0),15mm,mgac,mpd),"900,",7.4;,4.8),76mm,w/v),p400,5.3.,5.2.,peg.,acna,4.2.,aces,cdcl,"d2o,","3mm,",271k,part,oppa,20um,uric,"293,","kbr,","13%,",18mm,"+1.,",crii,"2.2,",fmn.,v/v),a54l,peg4,0-4%,5.1;,14mm,"pei,",mole,(10%,6.5;,(27%,nad.,6.5.,468),t-na,mops,"426,",7.1),(55%,(0.3,ph8.,ph7.,"3.4,",v/v:,most,2-3m,mibs,318k,"dme,",(35%,amp.,hits,kpo4,"cmp,",(0.6,7.3.,"0,05","g/l,","(4r,",(6.7,k12.,(5.4,300;,m600,"d58,",blue,1.5k,"fbp,",g/l),4.6;,"p21,","0,1m",(v/v,make,2-8%,grid,"27),",very,(298,zncl,(33%,(ii),gsh.,"35%,","ptp,",",10%","221,",hrs.,(16%,83mm,67mm,pact,.02m,zn2+,fe2+,mass,bace,1-2%,32mm,"9.6,",onto,"dte,",",and",4~6%,"3.3,","7.4,",0.2n,"xmp,",(2:1,amps,2:1),%w/v,6.9;,mode,s1ra,"kcl,",less,urea,"cl2,",heps,"arg,",4-6%,"paa,","629,","obg,",hour,"ph5,",back,4.3m,15mg,sirp,made,bank,4-5%,pgme,"n/a,",ca2+,"7,5%","so4,",7.7.,(4-6,"s3p,",7.5],them,mbco,"40%,",pgis,(28%,6.0.,"32%,",2.1m,"w/v,",(9.9,mncl,"amf,",9.0.,dctp,"etg,",2.0.,(29%,"11%,","3.1,",5.0-,268k,rebc,6.4),2.4m,(50%,situ,mm).,"nag,","kdn,",siap,caco,8.7),(3.9,b-me,286k,4.3),%peg,8.4),lead,"h4b,",nrfb,10mg,camp,have,cgmp,"the,",pmme,"ces,","ip6,",orit,"
40","gel,",5.5;,0-50,"dna,",8.1),coat,used,3.9m,naoh,v/v;,(h1),degc,"gtp,",embl,"sm1,",jscg,20k;,8.2),"tdp,","fad,","k.
",kbr.,pcmb,6.0;,"7.0,",mgcl,does,"dtd,",285k,plut,(peg,tpp;,apc4,"4:6,",a.s.,tc2p,10k.,a-86,tris,(135,datp,ddao,~0.2,kno3,"kpi,",uk).,3-6%,"8mm,",(900,"agt,",m.w.,5-7%,tert,"5.8,",prfa,[40%,(100,69mm,4.8m,"na,k",1.7m,"8,0,",[0.3,0.4m,~20%,12c.,50mm,"f6p,",ampd,caps,egfr,mes/,"6.5,",mpeg,(lmw,4.1.,nh4i,"ph
",inos,then,"har,",5.0:,"
20","5.0,","10%,",4.4.,znac,"4.9,",0.5-,16%),(30%,283k,zcd2,"7.3,",hyg5,sqrr,hdm2,"2.0,",thdp,(31%,suib,"6.4,",9.0),bme),"1,54",6.9),"6.1,",14c:,"ph7,",2.0m,type,17c.,315k,gold,(na+,ire1,7.5;,ice.,"75%,",280k,amcl,20oc,"ada,",8.5:,1.2:,naac,acet,"h2o,",cp42,[0.8,"0,03",2-pg,edta,tecp,(md),~25%,mth1,(230,4.0k,55mm,"0,25",hcgc,5.8),"8.8,",tube,mme:,"and,",~100,were,7.0;,"ala,",(541,(188,coa:,saro,brr2,4.6:,napi,psf4,6.5:,"up
","plp,",ddm;,down,term,life,nan3,"0.1,",2.8m,nad:,set:,/koh,(200,"
by",(140,into,nine,"deg,",at15,mega,"5,0,",5-ul,"5.6,",coa;,blga,cbtp,0.lm,(0.5,tcdh,"2-
",8.0.,(ppg,adha,"1/1,","dmf,","750,",bme.,cscl,2-4%,295k,8-5%,296k,"20k,","1,4m",day.,tf85,"8.7,",once,~1.7,zn+2,nadh,mpd:,see:,mpd.,"12,5","7.7,",prop,xiap,"6.2,","
in","342,",gdp:,mrc2,7.0:,"pck,",foxe,"20%,",salt,"9.5,",5.6:,"
3%",soak,peg-,hras,done,(2.9,288k,(128,caac,adp),"5-7,",sida,puta,40um,"4.5,",0.2m,"mpd,","5.2,",free,"5.7,",tog2,"psa,",emob,7.6),"ph6,","
at","7.5,",tcep,"0,66",4.0],next,(8.0,"
ph",leca,seed,kpho,6.1),"hts,","dho,","6.0,",cona,phd2,"072,",(80%,"5.4,",csac,eur.,"1/2,",cppu,"6.8,",4.9.,"box,",cd73,380k,(4.0,~2.2,v/v/,c.a.,"
5%","
32",bpti,full,"ip3,",also,(3.0,"oga,","poc,","9.0,","pkt,","1/3,",[14%,298k,c148,90mm,jena,pde4,1.6m,p450,"1:2,",1.3m,"800,",iron,"un9,",3.5m,mpro,"6.9,","
33",4.7.,"5
1",ycbb,phos,"pd2,",9.0;,site,"sds,",mmes,"bog,",(600,atp;,8-6%,ph=6,peg;,hak3,75mm,daba,kbr;,epps,(45%,(9.8,yjia,2mkl,"adp,","lcp,",(1-2,ppeg,cucl,slow,(7.0,sam.,2.5m,galk,cylk,6-9%,"7.1,","
of",fphf,cell,"3.5),","6.6),",(ph4),"pdtp,",7.50.,"mes),","8.35,",l-leu,teaoh,khpo4,6-12%,27-30,6-6.5,0-250,egta.,naact,mvapp,w/v-%,=8.0),46-67,srcl2,2:2ul,0.5ul,6.32),mopso,"(c1),",(1.04,tetra,caac.,(8-10,xenon,neoca,etgly,mesph,5%mpd,"8.2),",p218:,0.28m,1.28m,r5645,"inha,",sadta,"ph=9,","tris,",2.5-3,tbcl3,from:,"pbp3,","d6:
","5.05,",eg009,(tcep,16-18,adc-7,"acet,","282k,",1.5:1,(1.7m,22-30,gamma,"tdp.,",nh4br,"wee1,",7-10%,hemin,"thin,",ml-1.,salts,final,"6.54,",bcs-1,robot,"myt1,","2.5%,",amso4,"brdt,",250nl,280mm,ph7.1,k252c,(cat.,0.90m,10.4),metoh,"6.1],",26-32,znac2,chaps,0.07m,8.50:,6-15%,0.3mm,brief,cymal,kpc-2,"7.33,",2.88m,"
33%","(b5),",(m/w),(9.34,nonyl,0.95m,c671a,298kk,"4.43,",dmapp,2.0mm,"
1.5",18-24,5.0mm,coash,4000),"4500,","3.75,",0.02m,semet,(11.3,c671s,"4.69,","dtt),","ap6a,","hewl,",motic,2.45m,20-27,"310k,",naa50,"4.89,",napo4,"jona,",(14.3,"4.4),",l-asn,"-7.0,",3.86m,ybcl3,0.54m,420mm,(1+1),store,"7.0.,",c202a,15sec,"6.2),","5.4),",3/75%,"6.7),","273k,",mgoac,"
kcl",0.05m,mouse,mgatp,paics,"5.51,",namal,sodio,"7.4),","tmao,","pddf,",0.85m,"zncl,","tmpa,",17-21,ultra,"5100,",0.65m,desa2,"znac,",w1807,(18.0,(12.0,"ph6,5","7.5,,",becl2,v/v).,150nl,"9.0),",e184k,peg6k,oxide,hdac6,"7.3),",200nl,5.9);,ph7.5,"mme,1",mg2cl,1:10),"kcl2,",15-30,"temp,",27-31,p6000,1.25m,(bme),2.15m,ph8.3,8-16%,l-asp,1.45m,sirhp,"dark,",ph6.9,0.9-1,4-10%,7-13%,"7.39,","co2+,",cryo.,"8.5.,",drop:,glyco,m-2.0,(from,l-arg,"5.35,",neaca,"(4%),","fspp,",acnir,30-80,"5.79,","6.33,","
13%",field,(13.5,220mm,"seed,",291kk,"size,","
24%","cgmp,",iu/ml,"4.15,","mme),","11.5,",115mm,15-18,ac2cu,(kind,fatty,"(
28","12mm,",0.46m,(30.0,"soak,",200um,tcep.,2.00.,urate,1.3:1,macl2,ph3.5,(size,"4.6.,",126mm,atpgs,"
28%",week.,"(2/1,",sizes,0.1ul,liter,45-50,2.6mm,lino3,na/ka,free),bacl2,"1.4m,","
mes",4-28%,"5.64,",0.01m,"was
",4:2ul,"3.5m,","=7.5,",caps/,"prop,",m-0.5,2.52m,dhp-b,3.6-4,"hour,",40-50,"21%
",3.3mm,10-mm,(21.4,(p:r),"296k,","
1ul",dtpaa,"300k,",10mm.,malic,n2/h2,"tecp,",500ul,mpd).,(same,sodim,28%).,(jena,50-75,15-45,focus,peg3k,1-1.4,ph4.7,soak:,600um,degc.,soaks,"dhpc,","both,",0.7-1,"vivo,","8.1),",smcl3,ams04,mgcl2,6.75.,0.60m,0-0.1,ph9.0,[peg],2kmme,hcaii,24-26,"eq.),",w179f,2%v/v,po/oh,6-16%,(pst),pegme,"2hrs,","(h3),",2.2mm,ph5.2,5-ip7,"198k,",(g9):,data:,prior,"(d1),",277k.,"7.83,",0-20%,"(a2),",3000;,x-man,"chey,","5.43,","unag,",base/,"mura,",hepes,5.5mm,22-24,again,nano2,(20.5,acid],"7.65,",6.7mm,"4.19,",caoac,"bath,",(22.7,[v/v],"
naf",dmso;,9-12%,20-29,13-20,[0.2m,8%mpd,kctd1,"
400",wells,"4000,",ttrwt,k2so4,agno3,screw,10.5),niso4,soak;,"6.28,",292kk,(60.0,0.80m,top96,conc.,(b4):,"(d3),","macl,",msgpp,"9.25,",(29.0,(mcsg,10min,1.16m,ions.,mg.ml,"4.71,",mops/,"200k,","
mpd",k2po4,"licl,",ches/,nacl:,loop.,1.88m,parts,2.6mg,"(d2),",cryo-,"rg13,",3350),mcsg1,(2000,"(h8),","mode,",acid/,"(1h),",least,"udao,",bicin,na2s.,320mm,over:,"only,","4.53,","6.0),","eizs,","4450,",310mm,were:,jscg+,"
.1m","atas,",fdump,(1.26,27-33,"kda),",ca-ii,(type,mcsg4,trap1,f171d,taken,cacl2,"(as),",e402q,v391q,(0.02,embio,nadp+,pipes,7.3)],6-20%,3.25k,"zinc,",apcpp,dtt);,1.3mm,"600.,",2000;,24hrs,7.6).,"(naf,",urea;,named,aziru,fecl3,(11.4,tray.,nanol,ssfs6,1000;,"(d6),","5,000",(3.25,(35.6,1.2mg,(slow,105mm,"(b9),","7.52,","b-me,",cr_24,(11.6,would,nadh;,(68.0,"0.4
",(34.6,200mm,(42.4,"5.97,",mix):,mgsc1,"(a5),",mpd);,"(c2),",(w:v),(100%,1.56m,24-30,"7.5],",0.3ul,prcl3,0.8ul,"nacl,",2%peg,8.0);,28-33,(ada),amcpp,(0.18,l-glu,"
45%",13-25,peg1k,"1,000","efts,",(drop,l-trp,delta,"atp,5","(f6),","(c3),",(w:w),(0.15,nacit,"dtt,3",(32.6,appcp,"(30%,",1.4mm,h307a,0.49m,2-2.2,"6.9),",0.33m,(ph7),293kk,"6.72,","8.8),",hpgis,those,0.84m,"7.9),",soak.,since,"dutp,","hcgc,","2ylr,","8.0
",100mm,"5.40,","8.3),",3.0mm,capso,"(md),","ibmx,",k-po4,(17/8,"(og),",glu-c,1500),"11.0,",1.27m,wtttr,"3.0),","3.7),",minus,"7.47,",cucl2,rapid,"
35%","7.71,",nabr;,"dudp,","7)
5",0-400,"dtmp,","
11%",1.86m,carsr,30-33,"8.17,","lcts,",7.5)),"2.0m,",0.96m,drops,30-60,1.1mg,ph6.0,4.43:,6.0).,m7gtp,p3350,"(c5),",315mm,refer,sweep,ice).,(0.01,"(g5),",sugar,"pope,",nacac,0.29m,"6.07,",2.50.,where,0-15%,4-hrs,"0.3m,","ml-1,",230mm,l-ser,weeks,20eg:,5.75),caged,":
15",degr.,"(c4),",ph7.9,phaz7,16hrs,"udpg,","tetr,","-hcl,",0.93m,17-19,1.8ul,28-30,"naf),","ph7,5",ampo4,0.37m,19-21,294k.,"5.55,",c-met,"5.7),",298k.,1-10%,2.55m,25w/v,"8.4),",(1.4m,naaco,"w/v.,","drop,","3,5%,",gdcl3,"wbbb,",e100q,di-na,"card,","(e2),","#14),",calg4,puck:,tcep),0.5ml,hour;,"7.64,",tecan,%w/v),(20.0,1.18m,"high,",2.5ul,4.45m,horse,5.5ph,267mm,base),7.0).,(mme),"
3.0",large,bace1,(1.0m,kdm4a,soln.,l-met,21-22,(nog),k241a,"etoh,",momt5,107mm,"pnpp,",4-8mm,"
19%",acids,below,"6h2o,",cryos,ph5.9,130mm,"6.29,",10.1),jm600,"
21%",7-20%,cells,20sec,"(mes,",basic,1.3ul,"w/v
","7.3.,",fresh,3.08m,(2.7m,solid,"10.9,",500ml,(11.0,"6.47,","10.2,",(evf),0.7mm,atg38,"6.83,","8.36,","
23%",grown,292k.,(1.8%,"
1.3",8%peg,"9.1),","days,",7.9).,"1,500",1.96m,9-10%,(mib),"(g6),",na-ac,5.25),(d9):,2000],"ions,",e219q,mixed,accoa,(3.2m,"5.93,",7.5);,4.25),"(f4),",30-50,"(3/4,",2009),"6.58,","7.57,",[25mm,(w/v),"dtdp,",1500;,dried,"4.29,",(d/l),0.2ml,addit,0-150,1.75m,"ca2+,",dmso.,(20mm,"
1.8",175mm,soln:,"6.00,","mpd),",tubes,"6.25,",dapdc,ph6.3,"mm).,","
12%",mnso4,"100k,",0.8mm,400mm,toxin,"nngh,",250mm,0.75m,"1550,","7.50,",m-600,23-26,"
60%",ethyl,mgadp,"0.2m,",zncl2,"iptg,","10.6,","290k,",0.26m,alcl3,"10.5,",short,"uvrb,",peg5k,"5.12,","1450,",white,"0.9m,",25-50,"5.5),",(lms),plate,"4.80,",nh4cl,tween,"
peg",prism,1.5-2,stand,close,edta),"1,2,3",cdso4,m-peg,ph8.5,"5.80,","1aw5,",cdcl2,6.25.,16-20,"4.75,","7.2),",17-20,"well,","3450,","diol,",feso4,1.44m,"7.25,","epps,",each),(10mm,(1.1m,4.7).,(agao,eight,"ctab,",licl;,"8.0),","
mme","8.10,",c12e9,20.0k,"3',5'",bcm7.,"acov,","
and",tris-,7.5).,0-10%,"base,","297k,",proc.,moved,1%-4%,"murd,",sodum,"295k,",4.5).,"durd,","3500,","prpp,","salt,",mncl2,forms,nadph,mgso4,drop;,reach,1.02m,size.,"0.1m,","benc,",30-40,"hpo4,",extra,c222.,imine,2-2.4,40-80,"9.50,","ph=5,","50mm,","egta,","5000,","4.60,",nad+.,liso4,295k.,hepps,8.5).,water,"7.60,",0.18m,"6.20,",deoxy,l-phe,"damp,",naoac,ph4.2,"palo,",1.65m,"8.50,",salt:,"8.5
",mepeg,0.30m,"dgdg,","kpo4,",licl.,"kscn,","7.6),",title,"4.50,",(esa),peg4k,"0.5m,",litre,7-15%,nano3,macro,"mes.,","5.10,",5-15%,"nadp,","fosa,","8.55,",peg2k,"nadh,",nicl2,"hepe,",264mm,7-12%,"7.80,","285k,",2.08m,"tcep,",(iii),"1.5k,","napi,","289k,",agent,"data,","3300,",chess,boric,"aces,","4.5),","m600,","25mm,","8.40,","zn2+,","293k,","6.15,",there,"
1mm","30mm,","4.5.,",18.0k,licl2,"8.20,",cocl2,2.25m,(0.06,"camp,",ph7.0,0.45m,metal,cubic,above,micro,"9.00,","dttp,",225mm,400).,given,(2001,dimer,appl.,unit.,peg8k,cuso4,"
40%",2.4mm,0.66m,nascn,"dtt.,",cell),31-kd,naso4,1990),"
150",2.10m,"7.10,",0.09m,znoac,"c8e5,",(ref.,na/k2,6-11%,"1540,",years,times,"4.6),",3.50.,babim,naac.,dmso:,160mm,nh4ac,"6.23,",(nh4),1.26m,900mm,0.72m,9.0).,8.0).,6.75;,c12e8,(mpd;,dmso),19-25,ester,"heps,",paper,"5.50,",120mm,5000;,nan3.,22.0k,"w/v),",7.5-8,"1985,",20-40,8000;,trina,"6.32,","6.60,","6.50,","ph=7,","298k,",(2ul),"5.00,",ug/ml,(tris,4.6mm,nh4oh,"2-me,",well-,zn2+),aucl3,0.03m,4000;,450mm,2-me.,these,znso4,kpo4),1.55m,hgcl2,argon,tris;,ph7.3,co-mb,"
25%","emts,",stock,until,"1.6m,",295.k,octyl,20-25,"7.8),","7.90,","315k,","6.30,",=7.3.,0.1-m,"7.36,",ph5.6,"10.1,",mgac2,500um,"ycl3,","
0.3","278k,",(w/w),"4.70,",known,0.5mm,amino,ph5.0,ph8.0,"
200",x-100,first,along,"280k,","6.0.,","ampc,","kmes,",0.9mm,"7.0),",294.k,"6.10,",nacl;,"4,000","
30%",1.12m,phenol,18-21%,55-70%,"(plp),",mgs04.,25-100,azide),(2og).,"2.25m,",either,(0.085,murine,34-36%,20000;,32-40%,nicl2;,na+/k+,k2hpo4,"6000.,",slurry,(6.5).,"0.5mm,",550mme,"(g11),","2,5-
",methyl,13-17%,peg300,(0.03m,"dtt,);",32-38%,"l-pro,",0.5-1m,gentle,(first,295.0k,279.0k,ligase,rounds,7.0));,hcoona,6-7.5%,steps;,14-18%,sodiun,"2000k,","light,",amso4.,"(dtt),",triton,set-up,ph7.5),"ph4.2,","x-100,",luecke,"msop),",ethers,"azide,",ribose,"tubes,",:100um,acid).,"macl2,",vortex,11-12%,"3,350;",bcdhps,"10mm.,",1.8-2m,3'-ump,formic,8000).,31-35%,"days.,",(w/v)%,copper,298.0k,"
0.3%",(11.71,"ethyl,",(na/k),"pek4k,",0.186m,"slide,",acetyl,xylose,mes.oh,293.0k,argon.,14-19%,10%peg,"liso4,",entire,steps:,amppnp,cobalt,detail,2500mm,21-24%,volume,"mg/,ml",(final,0.214m,"(f10),",purple,times.,"were
",eluted,above.,mgml-1,"8,000;","from
",33-35%,pyl5-5,ph7.5;,acetat,75-150,"2000),",and/or,"nacl),","ph4.0,",anisic,w/vpeg,0.014m,10000g,amonio,pellet,streak,"gdpcp,",bacl2.,"accpg,",25-26%,4mg/ml,ph7.2),"h2po4,",1-335;,mg2so4,mmtris,nadp+;,ph=8.6,seeded,"polyp,","btpop,","10.0%,","8.5
2","k2co3,",cry6aa,mothor,m-2070,liquor,14-21%,li2s04,40%v/v,"6,000,",nh4so4,"nacl.,",19-25%,across,"phase,",li2so4,ph=6.5,minute,(~48mm,pep629,0-0.5%,dione.,"7.5,
",34-38%,(200mm,tcglck,1.67mm,"9.0
8",18-19%,"cocl2,",nh4oac,acetic,"0.12m,",mili-m,(18-20,(100mm,6.25mm,ph=7.0,"mgso4,",30-35%,"ph3.6,",cystin,(cryo),0.112m,"3.35k,",succoa,scales,20.5c.,8.75).,pire1a,peg-me,"4000.,","
with",10-240,"fecl3,",fusion,1:2:2),(11-15,0-0.2m,ph7.5.,valine,(0.1m),weeks.,0.25ul,glycol,303.0k,frozen,nicl2.,0.264m,"mgbr2,","mg/ml,","8,000.",nakpo4,"(50%),",(index,k-phos,42-44%,"(32%),","
(100",closer,"(v/v),",silver,prorp2,1mnacl,gppnhp,manner,casein,dthnl1,18-35%,stock.,1.344m,"sroac,",pegmme,na2so4,nacl).,"ph5.5,","ybcl3,",kinase,cdso4.,lithum,(h11):,nh4po4,14-22%,32-34%,shaker,analog,heppso,14~16%,"1500.,","6.0),1",drops;,"t=20c,","kcl,20",mgso4.,24-28%,mega-8,mmp-13,ratio:,63.6mm,"l-met,",6-fold,"gdac3,",281.0k,32-36%,agents,277.1k,"acid),",49.5ul,citric,naacet,nadph;,serine,(amino,10-17%,"8000,,",0.067m,18%peg,[100mm,0.072m,"l-lys,",40-100,45-52%,(2:1:2,papain,gmppnp,80-200,peg-4k,"plate,",(16%).,"nadp+,",0.14mm,"1:2:2,",sialic,30-50%,seeds.,sealed,me-peg,"(lcp),",295.5k,1500mm,(mops),2000mm,mg/ml;,isomer,kelvin,prisms,"coso4,",292.0k,bcispf,"
2.5%",drops:,"mgoac,",bruker,dishes,nano3.,"media,",edta);,"mopso,","1000),",mes(ph,"jm600,","3,350.","i#14),",mme550,34-44%,qiagen,peg400,(fluka,gently,31-36%,"2kmme,",smears,peg20k,access,50-100,ph4.6.,ph=5.6,spfcsi,"nh4ac,","
1.6m","3350k,",nickel,"fecl2,","ph4.6,",citirc,60hrs.,21-23%,"
data",l-glu.,"3-14),",peg600,"base),",14-24%,naoh).,"ph8.0,",(naoh),(tris;,nahco3,amppcp,loaded,27-35%,"mg2cl,",0.010m,naoac.,"(g12),",21-22%,na2wo4,"7.5-8,",0.75ul,0.200m,22-28%,0.100m,cacl2.,pegsii,parent,"nano3,","(c11),",19-20%,t=277k,"
6.7]","grown,",trays.,"ph4.8,",18-30%,sponge,(1:100,(15-20,28-34%,"renin,","po/oh,","3.25k,",former,oxygen,1-3.5%,"steps,",(tween,ph6.7.,"(8.0),","ph5.0,","crcl3,",287.0k,setup.,"gapdh,",28-35%,"rock1,",cacl2),"ph8.3,",28-33%,ratios,ph5.6.,0.25-1,"nappi,",apo-r2,chapso,"hgcl2,",293.5k,"3000),",higf-i,25-45%,18-33%,0.25m.,"7.4,10",18-28%,1-10mm,mes-na,setups,0.095m,25-32%,"0.02m,",0.150m,"
0.15",remove,24-35%,amicon,19-30%,"peg2k,",cryst.,ssgcid,k+/na+,maleic,"1.25m,",17%w/v,milliq,"(30%),",16%v/v,293.1k,"
drop",kainic,30-40%,17-24%,"ph4.7,",nh4no3,0.15mm,"batch,",60-70%,(nh4)3,"
cryo",fecl3.,"l-trp,","peg1k,",matrix,(midas,ed2001,22%w/v,normal,wt/vol,13-19%,lysine,trizma,1700mm,litium,ph7.0.,mcsg-1,21-26%,"ph5.6,",glicol,am2so4,"0.2mm,","(b11),","200mm,",16-20%,mgcho2,"ph9.2,",26-33%,peg550,19-21%,"drop.,",16%peg,(13-16,(1-1.4,"1,500,",mgso4;,0.004m,tri-na,25-40%,mcsg-i,"(25%),",%(m/v),15-20%,mg/ml.,11-16%,borate,291.5k,liso4),278.0k,24~30%,"ph4.9,",277.4k,"nan3),","cscl2,",12%w/v,0.053m,50-55%,8%-13%,40-60%,"dmso),","ester,",cupric,"peg6k,",0.086m,1925mm,remark,cb3717,nadp+=,fished,looped,22-23%,m7gtp),40-43%,30-48%,peg350,rigaku,"znoac,",60-66%,ferric,"20.0k,",20-50%,11-21%,2.25mm,fucose,"~5min,",varied,"6.20),",17-18%,"mcsg1,",0.22mm,cesium,"
0.1m",273.0k,"ph4.3,",19-27%,peg500,mops-k,"n-bog,",310.0k,hepes;,"suite,",robot.,10-22%,linear,"large,",(dtt).,"small,","adpnp,",0.28mm,"mgadp,",290.0k,natrix,mixed.,"35000,",1.600m,6000);,b-tris,4000);,mg.adp,flavin,series,mgcl);,"mgcl),",30%peg,1.2-2m,mmepeg,"33500,","lino3,","(g10),",barium,ppg400,48-50%,"water,",(mcsg2,peg3k.,screen,ph6.5;,idd594,25-31%,293.2k,create,format,"
7.2%","5,100,",pixsys,ed2003,hexane,24-34%,"gpppg,","f26bp,",mncl2],cacl2;,turned,25%peg,iodine,(0.17m,nadph.,41-45%,sparse,"wtttr,",5100);,degree,"caoac,",(nh4)2,before,35-45%,"6.58),",40-44%,"
0.16","
0.01",uranyl,8000);,na3vo4,"
tris",tk-666,(462.5,200-nl,16-23%,"acids,",co(ii),socium,"
0.02","alcl3,","cprpp,",20-26%,"l-his,","tvnir,",cholic,23-33%,296.0k,drops),27-31%,"ph8.8,",26-31%,25-30%,13-15%,couple,"
20mm","ph7.9,",23-26%,350mme,ada(ph,20%peg,32%peg,"300mm,",10-18%,30-38%,ph=5.7,"(pvdf,","ph8.2,",1k/peg,showed,19-22%,10-15%,50-200,proten,(0.12m,18-22%,(0.09m,"2000,2",200-mm,"acid.,",lambda,azide;,nh4oh.,"ph4.4,",0.17mm,"ampcp,","lett.,",grown.,native,"20,000",62-64%,latter,oxonic,midtm;,cacl2:,12-13%,l-asn.,medium,2weeks,"ph6.4,","beso4,","salts,",mgcl2.,"peg5k,",double,mgcl2),system,0.1mes,23-27%,pxp9-8,peg10k,ethane,"8.0
1",liters,c18coa,kh2po3,solium,ph=5.5,298.5k,(500mm,weight,triscl,70-75%,washed,mm/150,ph8.0.,azide.,3350).,"l-cys,","hocl3,",23-24%,acid)),ul+2ul,mnso4.,23-30%,24%w/v,tri-li,26-32%,(mepeg,"20000,","lucl3,",ambwb',(added,24-26%,"6.5).,",btprop,20~28%,"
0.2m","preq1,",citrat,13-18%,fungal,(apcf),di-nh4,crysta,agency,37-41%,stored,sawyer,soidum,adohcy,gelled,mes_na,"19,150","apcpp,",enzyme,"(98%),","(amp),",27-37%,"0.01m,",tb-xo4,"ratio,",0.135m,propan,3%dmso,0.008m,14-25%,"eg
10","4000),",binary,14-20%,sodium,iodide,bicine,ph6.8.,"8000.,",needle,22-24%,"ph5.3,","ph5.2,",0.015m,0.007m,(pmid:,0.75mm,capde2,hours.,26-27%,vx-787,junior,"peg3k,",sosium,"srcl2,",38-40%,(h2o)6,"(7.5),",12-14%,17-19%,0.7-1m,ampcpp,oxa-48,insp6.,5-15mm,esf921,(0.5-3,cooled,0.066m,thawed,60-190,"10000,","
0.3m","8k
8%",zncl2.,0.95mm,crassa,nl+100,12-16%,"bacl2,",277.0k,"citr.,","pegsm,","ph6.2,",v/vpeg,"ybcl2,",paspo2,ratio),znso4.,"
(for",(w/v).,versus,biotin,"ph=8,5",passed,25-50%,"5.5).,",fsp006,fsp007,"7
17%",inside,induce,(helix,accoa),"(atp),",na-mes,pre084,[cryo:,soduim,11-18%,meter.,ph7.4.,"days),",drops.,month.,slide.,ph7.2.,"
0.03",295.4k,"drop),",np_peg,0.055m,0.016m,hepese,0.75ml,"atpgs,",0.075m,26-30%,compas,8%-18%,first),kh2po4,obtain,poq5-9,17%peg,0.020m,ph=7.8,4degc.,"nh4br,","(10%),",10-12%,(mpd);,"1,2,6-","cdcl2,","zncl2,",13-20%,fbpase,[hepes,lisium,"v/v)],",12-28%,aldose,na3cit,nachoo,"ed600,","mgno3,","ph6.0,",20-32%,msapah,"5.79),",28-32%,16-22%,1.5-2m,adipic,40-45%,nh4so2,16-24%,hours:,peg-8k,znso4:,5k.mme,0.001m,"0.5:1,","tris],","1500),",thymol,hours),"2.1
m",(base),raised,"
zinc",dithio,"(d10),","7.5
4","2%mpd,",0.006m,"4k
10","
0.1%",6.00);,c-star,15%w/v,malate,17-21%,"cuso4,",nadh4;,30-60%,16-18%,kh2p04,cyclic,8mg/ml,erbium,result,"accoa,",nickle,"hepes,",15-30%,"l-asn,",0.25mm,"(7.0),",18-20%,"m
20%","gppcp,","ph4,
",hepes.,glcnac,"iprop,","g-6-p,",25-35%,"sigma,",22%peg,17-25%,"
30mm","6.15),",added.,powder,"k2so4,",18-26%,se-met,single,20-25%,hepes/,"rs-1,2",37-45%,(large,nextal,22-30%,pipes.,3-3.5%,"
soak","xp819,",27-29%,ration,filled,20-35%,36-52%,peg200,0.8-1m,"dmso.,",30%w/v,microl,"
0.4%",filter,seeds:,"10,000","stock,",mg/ml:,0.170m,formed,"conc.,","(peg),",12-18%,"ph7.0,","ph7.1,",pooled,cation,stocks,buffer,297.0k,12.5?%,1or2).,na2po4,13-14%,"mme2k,",7-fold,(edta),"robot,",saltrx,0.050m,setup:,40-30%,24-30%,"ph7.4,",0.44mm,cuso4:,"
days","ph7.2,","eo/oh),",300-400,"
tcep,",proplex,lactose,1.4-2.0,ambient,elution,5mg/ml.,bicine;,nahepes,"cacl2),",4.0-4.4,apo-bfr,mercury,ferulic,ranging,"ph=6.0,",cymal-1,"7mg/ml,","50%mpd,","
12.5%",2.5-6.5,dmso-d6,tris(ph,glucose,1.1-1.3,sokalan,0.1600m,303.15k,microl),matured,his-tag,peg5000,ssodium,method:,200-350,glycols,"m
na/k",greiner,changed,sodiium,20mg/ml,"(c8e6),",volume.,0.085mm,7.0-7.3,3.0-3.5,milli-m,ps01368,natrium,zn(ac)2,microl;,prepare,sokolan,mes-hcl,"cymal5,",2.6-2.9,emerald,propane,"iodide,",ammoium,"pegmme,",1.25-2m,0.0400m,na2hpo4,"
100mm",peg/ion,"4000,
",methoxy,binding,removal,dodecyl,"
32.5%",0.4/0.4,alcohol,"thesit,",25mg/ml,"valine,",sucrose,sodium/,"ph=5.6,",kh2po4/,density,6.0-6.5,tcep-cl,b-octyl,ponceau,462.5ul,300.15k,peg1000,"mm
peg","(1956),",glyceol,celcius,amp-pcp,"0.4
ul",volume:,studies,tartrat,tricine,277.00k,0.8-1.0,"na3cit,",ps01056,"varied,",1.0-1.3,"nacaco,",volumes,"ratios,",uridine,entries,"degree,",largest,25%-30%,"10mg/
",0.25-30,3%(w/v),sulfite,"malate,","li2s04,",0.0100m,"nakpo4,","5%
mes",benzoyl,300-500,0.010mm,7.5-8.0,"to
19%",camphor,"ph6.25,",2000mme,cx-4945,"6.5
20",micro-m,thiamin,29%-31%,ammonum,"akr1d1,",salting,"8k,0.1m",1.4500m,5.5-6.1,"ph10.0,",buffer3,mpd/peg,amounts,"domain,",peg-200,"mgs/ml,",echaler,hepe-na,0.5%v/v,glycol:,281.16k,2.4-2.8,"ph=5.0,",another,6.6-6.8,6.1-6.2,dispase,3.2000m,glycero,20-30mm,6.0-9.5,0.7-0.8,defined,2.0-2.3,0.2-0.3,"
25.5%",aqueous,1.2000m,qiagens,mbclass,"
stock",mops(ph,1.4-1.6,epoxide,5.5-6.5,ebselen,memgold,0.2/0.4,"set-up,","peg12k,",0.9-1.1,16%-18%,nfeg12a,"zncl2.,",7.5-9.5,(24-34%,mgcl2);,gly-tyr,"10%,peg",3.2-3.8,(nh4)2h,hepesna,bincine,"100000,",1.5-2.5,hclasp1,"
16.65",(277k);,peg200.,rhenium,1.0000m,acetate,yttrium,exposed,syringe,5.5-6.0,various,cluster,200-275,robbins,"
0.08m",samples,9-10.5%,7%(w/v),16.5-20,(newman,1.7-2.7,4.5-5.0,0.0011m,5.3-6.5,parafin,zhdac10,"
(v/v)",weight),"uracil,",formate,ph=7.5.,(volume,sebacic,suberic,292.15k,"(sat.),","ph=7.7,",ndsb256,lipidic,caesium,crystal,states.,l124671,"(caps),",nitrite,acetete,lysines,"7.5
25",partial,"3,350.,","mutant,",(0.05m),liquor.,"nahcoo,","35%mpd,",24-well,plastic,(mutant,enzyme:,120-160,alanine,"naco2h,",proline,"growth,","25-40%,",buffer),"ph=6.3,",equally,reverse,"7.0
10",ph=6.5;,"
0.02%",glycol),"7.5),40","months,",malonic,0.4:0.4,1.6-2.4,7.0-7.1,0.4-1.5,initial,"ketone,",1.5-1.6,mes/koh,refined,"
ether",hega-10,20k/mme,100/100,peg8000,subunit,peg3550,6.4-7.9,23mg/ml,butanol,volume),gycerol,"ph8.25,",galnac.,nh4cooh,(0.0125,"1:2:2),",finally,tartate,liquor),"ph:7.5,",ethylen,tri-hcl,2-deoxy,di-hcl.,6%(v/v),sulfate,8mg/ml;,"mes-na,","pga-lm,",7.5-10%,"gdp,1.8","mgso4,2",1.2-1.4,"lysine,",peg20k),"peg-4k,","10000),",160-400,(base);,gravity,"medium,",1.5-2.1,0.1-0.3,mmonium,6.5-8.5,0.6-1.2,unknown,kh2po4.,"(100mm,",timolol,sodiumu,"(ldao),",diluted,"ph=4.8,",2.5-15%,screen.,however,beta-og,0.6-1.1,(k2hpo4,"dmso,25",0.001ml,"h2so4),","adomet,",optimum,n-hexyl,"hega-8,","minotc,",located,a861146,na/kpo4,6.3-7.1,cyanide,"3350,ph",dextran,"

150",&#956;l,screens,process,dicamba,"hours.,","ph=6.2,","3350
1",glyerol,"mega-8,",5.6-5.9,malate.,287.15k,bicine),5.2-5.6,methods,acteate,"8.0
3%",reached,"
0.4mm","
grown",kpi/22%,25%-32%,200-300,"6.5
2%",acid(ph,t-butyl,papain.,"ph6.00,","weeks.,",2.5000m,"294.0k,","ph=4.6,",merging,"mcsg-1,","
0.10m","5.0
20",peg1500,4.3-4.7,0.5000m,crushed,"(v/v),1","8.15,
",0.1-0.5,rystals,ferrous,"t-booh,","screen,",bph-651,seeding,"%(v/v),",0.3-0.5,suflate,decanol,nitrate,"plates,","
order",0-200mm,"hcoona,",ps01186,"above.,","ph9.0),",peg-500,pw30213,(dmso).,(mepeg),ratios.,297.15k,terbium,ethanol,loading,"btprop,",ammonia,5000mme,"naacet,",1.6~3.2,"serine,",hosting,serine.,10mg/ml,"mpeg2k,","ph=6.5,",tenfold,1.6/1.8,varying,"ph=6.4,","ethgly,","aesar),",udp-gal,calcuim,"1990)
",0.050ml,"20,000,","doxytc,","12%peg,",mutants,acrylic,n-octyl,1.9-2.1,283.15k,3.5-4.0,"nahco3,",nh42so4,100-160,setting,"c11dao,","ca.atp,",0.005mm,n-nonyl,enhance,peg-800,mg.ml-1,stocks),calibre,cymal-5,mg/ml):,6.8-8.2,"7.5
20","mg/ml.,",5.6-5.8,18%-20%,"ph8.0),",bi-tris,optimal,gol_p4k,cymal-6,"261062,",(16-18%,"300,0.1",ps00688,5.1-5.9,acatate,5.0-5.5,4.0-7.0,"xylose,",sodiaum,"400
15","sp1066,",10%dmso,(2002).,(pegmme,oxygen),smears),"hepes
",281.15k,1.0-1.1,bromide,chamber,mavdhfr,"7.4
50",20.00mm,"20000),","ligand,","nacl
1","ph=3.5,","ph=4.5,",3.4-3.7,final).,peg-400,peg2200,"hepes5,",22mg/ml,"
using","(50mm),",150-300,"am2so4,","pef(s),",6.2-6.8,instead,minutes,bistris,"na2so4,",maximal,"25-50%,",1microl,"6.5
25","dddmab,",200-220,peg-600,"neu5ac,","(2.4m),","10,000)",0.7-1.2,po/oh);,micro-l,iodide:,1.8-2.5,"volume,",placed.,"ipa
25",crsytal,bicine/,4.8-5.2,"ph=7.5,",mme2000,inlb321,250-350,"
10.0%",methane,0.2-1.6,phytate,msodium,0.4-0.7,labtech,"

0.1",peg-300,"4.7
20",ed-2003,(1-571),nuc-pro,aldh7a1,(hepps),mes-koh,"calcl2,","ph=8.0,",5%(w/v),produce,"
0.1mm","wright,",nh4hpo4,xylitol,1.7-1.9,(screen,ute6-14,nh4sso4,chicken,130-200,"ph=9.0,",further,stirred,"cryo;
",(ph4.8),15%-30%,peg3000,112.5mm,gelling,acetone,tris-hc,"pep426,","citrat,",250-325,1.6-1.8,7.2-7.8,ps00647,6mg/ml.,7.0-8.5,"biotin,",cloride,ala-phe,"batch
",layered,0.3-1.0,pw37974,amp-pnp,"ph=7.4,",oxonate,na2s2o3,"
500um",peg2000,50mg/ml,(0.025%,"mes,0.2",calsium,dibasic,peptide,extract,30%-32%,"nh4po4,",degrees,calcium,12mg/ml,classic,"su9516,","ammso4,",1.9-3.0,"camkii,","
tris,",10-15mm,onboard,(acid)),"(<10%),",cadmium,agarose,details,buffer;,highest,sitting,"k2hpo4,","ph-6.2,","(ches),",cymal-2,"nacooh,",(base)/,"ph-6.0,",(ph5.0),"8.0
20",0.3-0.6,"nh2so4,",277.16k,reduced,chromic,mineral,2.0-2.5,peg200;,diethyl,direcly,tris-cl,"glycol,",(0.44m),mg/ml-1,0.1-0.2,"ph=4.0,",3.2-3.4,5.4-6.1,137-208,(ph7.4),section,1.2-2.2,10%-20%,mol.l-1,peg2250,"(ddao),",tris-ph,lipids:,"ul
set",oxamate,tris-ac,silicon,against,50-60mm,cacl2).,"295.0k,",ph=4.0;,8.5-9.0,(tcep).,7.5~8.5,96-well,ph=6.50,2.0-1.8,mme-peg,mutant.,1.3-1.6,hours).,(20%w/v,citrate,140-200,27mg/ml,"(0.1m),","phenol,",trishcl,"5.6
30",(ratios,caffeic,freshly,remark:,7.2/0.6,basilea,(final),1.4-1.8,mes/0.1,"ch2thf,",298.15k,(ph8.7),17%-19%,"days
,",pik-iii,0.0003m,"slfate,",fumaric,plates.,ph=6.5.,mannose,gly-gly,6.5-7.5,2.6-3.0,"(base),",ph=5.75,d-malic,mes/hcl,"3350
2","
0.002",3%(v/v),"
drop:",3.7-4.3,ed-2001,pentane,"(tris),","27-32%,",dioxane,200-400,"
about","400
5%",ratio);,"formed,","(kscn),",annexin,"
h2fdh",paepec2,4.5-5.5,"ethane,",(23-25%,"direct,",glycine,ph=7.0;,ratio).,complex,maltose,"coa-sh,",13.5-15,met-mb.,2.2-2.5,"8.5
50",frozen.,mcsg-ii,oxalate,"sulph.,",stopped,cryooil,diamine,bullets,lithium,7.5-9.0,nacacod,"

for",induced,"
0.06m",(methyl,"ester),",7.0-8.0,150-250,peg-ion,tris.cl,sample:,maleate,(0.6mm),amonium,sulfato,"meshcl,",folinic,"mops,ph","mes_na,",1.8-2.4,nh4so4.,"aceate,",15%-20%,blg-ret,absence,"hepes.,",choline,"ph5.50,",peg3350,mpd_peg,taurine,oxidase,"format,","sodium,",screen),variant,peg3500,months.,adenine,1.9-2.0,462.5?l,reserve,"etghly,",0.0175m,28mg/ml,"4.6,30%",(8.60).,"mg(2+),","10,000.","10-20%,",tris/cl,ped3350,"12-20%,","edta
5","6.5
12","
0.25%","20,000;",storage,ternary,peg4000,na2so3.,"cb3717,",1.6-1.7,"10.000,",0.6-0.9,0.8-1.1,miralax,"5.5
25",iodide),10ug/ml,albumin,udpglca,"po/oh),",/malate,glycole,200-500,"mgr/ml,",1%(w/v),peg-550,heparin,"500dme,",21%~27%,peg6000,0.4-0.5,betaine,nah2po4,seeded.,(10-20%,cymal-7,21mg/ml,k/na-pi,"tvnirb,","cooled,","triscl,",1.6-1.9,l-malic,floride,"mg-atp,",dimeric,2.5-2.8,20%-25%,vanadyl,"chapso,",1.4000m,"peg350,","ph-8.5,",(12.1m),(m101a),edo_p8k,coupled,etylene,(qiagen,"borate,","na2so3,",1.3-1.4,(citric,"
150mm",100-150,udp-glc,peg-mme,"12-15%,",choride,tatrate,li2so4),"enzyme,","nacl,0.1","6.0-6.5,",imidazol,acetone.,26%(v/v),"peg-550,",untagged,cacl2and,coumaric,"hydrate,","peg6,000",34%(w/v),0.5-0.65,"acetone,",14%(v/v),3.4mg/ml,"paa5100,",60mg/ml.,butanol.,"7.5
15%",amminium,ethlyene,methanol,"maleate,",[pin_id:,"5.5
28%",0.2-0.25,"na2s2o3,",28%(w/v),chloride,10%(v/v),guaiacol,secondly,bromide:,16-16.5%,protein.,32.0%w/v,ed-2001.,ammonium,"
23-30%","sulfate,",(8%(w/v),2.9-3.3m,(ph=6.5),"mpd
0.1","cooling,","6.5-6.9,",nitrate.,ammonuim,fructose,samarium,"5.5-6.2,",6000/13%,"7.0
10%",alcohols,"pgsmear,",(2-well),"5.5
13%","na2hpo4,",naacetat,"4.5
0.6","7.0
12%",ck2alpha,ammoinum,channels,"2k,
20%",2000-mme,celsius.,"dtt
3.5","6.5
16%","5.6
20%",#NAZWA?,glycogen,0.402ml.,"7.5
60%","2000mme,",(hanging,vaseline,(hcoona),0.2-0.4m,"9.5
200",(w:v)peg,1.9-2.0m,solution,"
13.52%","gly-gly,",dispense,(20mg/ml,flushing,2.5-2.7m,produced,0.2-0.1m,method).,"ligands,",0.9-1.5m,degrees),"labtech,",peg3.35k,"na-ches,",3.0-6.0%,succinyl,"21mg/ml,","5.5
peg","6.8-8.2,",8.1mg/ml,"5.6-5.8,","(fluka),",qiagen).,"4.0
0.6",55%(v/v),"(ph7.9),",phoenito,cryofull,syringol,"
remove","7.5-8.5,",2.2-2.4m,terasaki,25mg/ml:,"ph
5.0.",~10mg/ml,pipes-na,"nahepes,",0.9-1.15,"mpeg-5k,","(25~29%,",phoshate,2.1-2.4m,"m
nacl,",glycerin,mg(oac)2,"4k
0.01",luteolin,v30m-ttr,"7.0
0.1",5.7mg/ml,glucose),ndsb-201,mercuric,(quiagen,50microm,acetate:,"7.5
14%","zncl2
1","5.0-5.3,",ada/naoh,electron,"
liquor",ancestor,brd4-bd1,"6.5,
2m",buffers:,l-rv1738,8.6-9.2),mpeg5000,ndsb-211,details.,"beta-og,",starting,"6.5
30%",(v/v)peg,(nh)2so4,clhoride,3.5mg/ml,"dioxane,",pegmme2k,fraction,5.5-6.5.,base/hcl,"4.4
0.6",(buffer),1.7-2.1m,diffract,"acid
10",allergic,position,inverted,kau(cn)2,gsh/gssg,protocol,tris.hcl,geometry,"5.0
25%","paraton,","mm
tris",glovebox,"nitrite,","cyanide,",paraffin,d-rv1738,"400
0.1","mes
36%","4000
10","m
hepes",peg20000,34.0%w/v,"7.1-7.6,","amso4,3%",0.1~0.2m,"gol_p4k,","6.5
200",trisbase,/nah2po4,"hmg-coa,",reducing,(average,glyc?rol,set-ups.,"calcium,",mellitic,"(0.15m),","6.5
26%",jeffmine,"ul
drop",na-hepes,"7.7.
3%",mes/naoh,dimethyl,"8.5
30%","propone,","8.5
2.0",(30mg/ml,peg33500,1.1-1.4m,"6.5
18%",crystal:,"trishcl,",hydrogel,"mgcl2,
",potasium,mes/tris,authors.,"(ph4.2),","6.2-7.0,",mg(no3)2,"mgcl,0.1","7.5
30%",1.75-2.0,propane.,external,"8.5
12%",cryo:15%,glcyerol,"(12.5%),","8.5
0.5",spacelab,"7.5
0.2",clusters,"sodium
","7.4-7.7,",facility,"400
0.2","ph
7.5,","(340um),",254099c3,"(350um),",european,0.05-0.2,(na2hpo4,"mme
200",appeared,8.0-8.5),2000mme;,sulfate;,0.04375m,fumarate,yittrium,"peg6000,",peg6000.,bromide;,nach3coo,"peg3,350",di-basic,"guanine,","ul
well",1.8-2.1m,pipetted,"complex,",notrogen,"7.5
peg","dgtpase,",7mgs/ml.,"mepeg5k,",neomycin,"etcdpk1,",material,6.0-7.0),"ed-2003,",ammoniun,"peg8,000",catechol,"aldh1a2,",succinic,"nitrate,",aluminum,7.6-8.5.,bis-tris,"glucose,",potassim,"400
150",crystals,chambers,"letters,",formate:,tris-hci,"8.5
24%",500-mme:,"4.4-4.6,",naproxen,ndsb-221,"a771726,","trypton,","na2moo4,","hepesna,",8.5mg/ml,"8.5
0.1",d-xylose,ed-2003.,"4.2
25%",elastase,peg-8000,"na-mops,",0.7-1.0m,"10000
8",linoleic,bacillus,50-250mm,"20mg/ml,",6.4mg/ml,molecule,"arg-hcl,","peg-400,","ph:6.50,","6.5
20%",density.,arsenate,obtained,lattices,7.3-8.3),carrying,(without,peg400);,divalent,"5.0-6.5,","5.0-7.0,",octanoic,"8.9,0.2m",hexylene,"4.8-6.0,",immersed,"6.3-6.5,","ndsb221,",5.2-5.4;,ethanol),"modeled,",tartrate,"30mg/ml,",attached,"8.0
25%",mes:naoh,polymer.,"suffolk,",occupied,palmitic,ammunium,disodium,citrate;,clonixin,7.9-8.0),plunging,glycerol,"mgcl(2),",peg1000h,8.3mg/ml,"(qiagen,",mes-naoh,glucose;,7.7mg/ml,"tris/cl,",34%(v/v),propane),(ph=8.0),(s)-mpd.,"l-l-asp,",barcode:,glycol)],na2hpo4;,dibasic),"8.2
28%",acetate/,sulfonic,"5.5
20%","6.8-7.8,","5.0:
15","5.0
0.2",100mg/ml,normally,s-malate,(product,peg-1450,itaconic,(2.5-2.8,23mg/ml:,"edo_p8k,","5.6-6.5,","3350,0.2",(10-22)%,0.1(w/v),tris-mes,"ethonal,","7.2-8.0,",centered,"sparse
",439-446],composed,gradient,27%(v/v),"peg400.,",(kh2po4),fluoride,"treated,","w/v
peg",sorbitol,"buffer.,","0.1mmes,",(bicine),tris-dcl,catalase,3.5-4.0%,2.7-3.2m,hexamine,"8.0
20%",(acrylic,"1000,
8","sodium,,","6.5,
30",covalent,tris-hcl,pressure,"ph4
400",myristic,ch3coona,"micro-m,",(0.47mm),reported,l-lysine,acetate.,12-14.5%,purified,5.5-6.15,resolved,"medi-um,",0.6-1.1m,"pr(ac)3,","4000
20","5.6
1.0","5.6
10%","peg1,000",vcid7620,ndsb-195,direct).,2.2-2.6m,"glycol;,",mesylate,anatrace,tris-hc1,blodgett,"6.2-6.6,","of:
2.2","1500
5%",mix/well,28.8%w/v,peg-3350,"7.5
18%",oxamate;,"5.5
15%","cdcl2,10",ethylene,naac/hac,dmso/0.5,pyruvate,sulfate:,1.4-1.65,aliquots,100.00mm,"tribase,",oxamate:,previous,"8000,100",arginine,200.00mm,puck/pin,atrapbp1,"3350
20","5.0
100","endovii,",seeding;,"15%
w/v",20mg/ml;,pmme5000,(150:150,"volumes,",brd4_bd1,microm3),"soaking,","ligand.,",nad(p)+.,"(100mm),","11mg/ml,",resevior,1.5-1.8m,"ndsb211,","cymal-3,",phospate,32%(w/v),peg-5000,benzoate,"k2(so4),",(ph7.5).,"aulfate,",mixture:,"(ph5.3),","4.8-5.4,","peg-800,","4.9-5.0,","5.8-6.0,",ammomium,"(ph9.0),","6.5-6.8,",ed-2001;,1.6-1.8m,"400,0.15",original,"peg-200,","acatate,","lactone,",2.0mg/ml,ethelene,1.1-1.5m,0.4-0.6m,"proline,",bis_tris,1.2-1.3m,1.8-2.2m,nacitrat,"(ph8.0),","nadp(+),",peg-2000,lutetium,"peg3340,",1.4-2.0m,acetate;,"suflate,","5.5-7.0,",ph3:ph5),"5000mme,","chamber,",nitrogen,proline.,"4.5-5.5,",peg-1500,"glycols,",9-methyl,0.2-0.18,tryptone,"polymer,",complex:,dl-malic,8.0-9.5%,21%(v/v),50%(w/v),"n-oxide,",nh4h2po4,formate),11%(w/v),21%(w/v),"6.1-6.7,",n-acetyl,minutes.,3.8-4.0m,junction,42microm,"(ph5.5),",1.0-1.2m,42%(v/v),inositol,1.4-1.8m,dioxane.,17%(v/v),"phasing,",udp-galp,(24hrs).,"6.5-7.4,","(ph6.5),",dextrane,allowing,"3350mme,","(ph8.5),",(protein,contains,incubate,tris/hcl,glucose.,8.5-9.0),na/hepes,dioxygen,critrate,"27mg/ml,",complete,hepes/na,"7.0-7.3,",1.0-1.5m,"56mg/ml,",trishcl.,1.8-2.5m,alkaline,"5.0-5.5,",glycine),"nh4hpo4,","agarose,",6.0-7.5.,"furoate,","nakhpo4,","281.15k,",peg-1000,7.0mg/ml,22%(v/v),peg4000.,"(mopso),",1.1-1.6m,"5.7-5.9,",l-serine,farnesyl,"5.9-6.3,",separate,(ph8.7).,zinc(ii),peroxide,followed,bis/tris,5000mme),0.25g/ml,"celsius,",tris-oac,"7.6-8.0,",0.1-0.25,complex.,"9.0-9.8,",35%(v/v),2.4-2.6m,"
1.344m","buffer),",25%(v/v),"5.5-7.5,",hepes-ph,peg-6000,magnetic,platform,"25%
peg","slufate,",ammonimu,coenzyme,tracking,seeding.,"tris-hc,",bicelles,"udp-glc,",0.3-0.9m,relative,mops/koh,propanol,10-100mm,pyridine,"
screen",included,12.5%w/v,"na/kpo4,","5.6-6.6,","6.1-6.6,",0.1-0.4m,"5.4-5.8,","35mg/ml,",cysteine,1.5-1.9m,s-methyl,naac-hac,adenylyl,peg3350;,40%(v/v),ca(no3)2,"(ph7.5),","results,",straight,"glycrol,","
mixing","(ph6.0),",settting,0.1mol/l,23%(w/v),constant,15%(w/v),"cholate,","293.15k,",1.2-1.35,glc-6-p;,"7.5-9.0,",3-5mg/ml,"mm
n,n-",vortexed,thiamine,"nacl,100",chamber:,1.5-1.7m,"dibasic,","cymal-6,",50%(v/v),2.6-3.0m,20w/v(%),"(ph6.6),",2.5-5.0%,agmatine,"6.5-8.0,",(ph=4.2),0.25-0.4,"25mg/ml,",60-100mm,l-fucose,"4.6-5.2,",mmsodium,buffer);,magesium,"formate,","betaine,",generate,"7.0-8.5,",0.6-1.0m,monomers,16%(v/v),interest,ca(oac)2,(crystal,grb2-sh2,acetate),"(peg4k),",tris-bis,vanadate,15%(v/v),aldolase,"5.0-6.0,","k3(cit),","droplet,",13.5-15%,peg2kmme,8.7mg/ml,"reagent,","(1978).,",aspartic,"bromide,",10%(v/w),quality.,crushing,"oxidase,",(soaking,tris-so4,(nh4)so4,malonate,(c11dao),kformate,lowering,(emerald,1.2-1.4m,gylcerol,tcep-hcl,wizard-i,nac2h3o2,titrated,ndsb-256,ascorbic,his6-hod,"4.5-5.0,",1-oxide.,na/k-po4,0.05-0.1,crystal),7.4mg/ml,prepared,sulfate.,0.5-1.0m,actually,1.0-1.3m,"blewett,",7.8-8.2;,magnisum,sulfate),tartaric,citrate),10microm,13%(w/v),5.0-6.0.,hepes(ph,bestatin,"6.0-7.0,",protein-,peg10000,"4000,0.2",shikimic,12%(v/v),dioxane),"peg3.4k,",mixtures,"nacl,and",n-oxide.,"minutes,",p2000mme,"5.0-5.2,",setting:,degreesc,glutamic,1.9mg/ml,"4.6-5.0,",0.5-0.7m,"8.0-8.5,","
washed","hanging,","(ph6.8),",bromide.,"3,4-dcb,",silicone,"4.2-4.6,",ammpnium,pegmme5k,2.6-2.8m,"5.6-6.3,",(ph=8.5),ethanol.,"mannose,","citrite,",kcitrate,(18mg/ml,crystool,peg4000;,5-formyl,(wt/vol),pluronic,"16mg/ml,","nacl,0.2",2micro-l,"peg1450,","glycol),",peg1500.,reagents,spermine,"hepes,10","mes/kcl,",celcius.,1micro-l,na-azide,zn(oac)2,platinum,"121-125,","nah2po4,","licl,100",1.2-1.8m,saturate,32%(v/v),actetate,(ph=7.5),mannose;,peg-3000,dissolve,"choline,",hepes_na,11.5-13%,"gycerol,",langerin,18%(w/v),"celcius,",citrate/,cytosine,"6,000).,",replaced,analysis,paratone,"5.2-5.4,",protein),"5.3-5.6,","glyerol,",28%(v/v),cracking,peg5kmme,hepes-na,(ph7.2).,two-fold,2.5mg/ml,triethyl,repeated,"7.2-8.6,",rubidium,"amp-pcp,",cis-caad,peg-4000,70%(v/v),20%(w/v),16%(w/v),albicans,"(hepes),",xylitol.,oxidase;,pel10acm,"6.6-7.6,","mepeg2k,","process,",0.3-1.0m,flouride,cytidine,sulphate,2mg.ml-1,ligands:,1.8-1.9m,2.0-2.5m,jeffamin,tric-hcl,"sulafte,",(na-salt;,"(ph=6.5),",k2pt(cn)4,"6.5-7.5),",150-225mm,"peg35000,","3350
200",tartrate;,3-8%(w/v),compound),"reagents,",indicated,2.3m-2.7m,phoshpate,sulphate;,l-alanine,"318922c9,",described,dl-maleic,mtris-hcl,cobaltous,"phoshate,",n1-acetyl,guanidine,1.45-1.65,"nah2p2o7,","nach3coo,","ndsb-201,",23-cyclic,ir(cl)5co,1.0mg/ml;,magensium,"beta-udm,","6.3-7.1.,",paraton-n,"cd(no3)2,",oxamate).,complexes,4.7%(w/v),"(bistris,","pegmme2k,","base/hcl,","20%peg4k,","glycerol,","cytidine,","peg2kmme,",disulfide,"
0.2-0.4","kacetate,",chloride:,cytoplasm,trisodium,"291-293k,","6000,tris",2-butanol,megnesium,sulfamoyl,tmpep1050,molecules,peg-smear,ampso/koh,peg500dme,"tris
20%","peg-1000,",tartrate.,0.05-0.1m,hepes/koh,"
calcium","peg1,000,","5.0-5.75,","tric/hcl,","2000-mme,","nacl
10%",citrate);,magnesium,monoethyl,imadazole,0.65-0.75,sulphate.,peg200/5%,peg550mme,"peg6000.,","7.5-7.6),","7.5mg/ml,",l-sorbose,19.5mg/ml,tribasic:,submitted,"hepes.na,","dialysis,",sarcosine,"(cid4597,",available,conducted,150-300mm,"pressure,","cit-phos,",carba-nad,"6.0-7.0),","drops,1:1",cryosoak:,synthesis,"dibasic),",benzamide,"peg-3000,",exchanged,l-proline,"bes-naoh,","tartarte,",100-150mm,malonate;,na+-pipes,"30%peg8k,",trehalose,inhibitor,d-xylose;,detergent,1.46-1.60,"9.7mg/ml,",tacsimate,"underoil,","peg5kmme,",pde9q453e,"hepes,10%","6.0.
1ul",nicotinic,"
peg300,","4000,0.2m","fragment,","1,9mcscl,",udpglcnac,"naac-hac,",schaeffer,"ndsb-195,",k-acetate,cartesian,"peg10,000","pantoate,",undergoes,"tris.hcl,",ammmonium,guaiacol.,na-bicine,immersion,ammonimum,"of
these","8000
20%","3350
5mm","citrarte,",indirubin,"udp-gal),","sulphate,",peg20000.,"kno3
18%","sulfate),","phophate,",glycerol;,"skf86002,",0.1-0.5mm,cocktail:,200-400mm,"tirs-hcl,","ammonium,",znacetate,"8.0
0.2m",centricon,"hepes
ph","caffeine,",crystall.,thaumatin,expansion,"degrees.,",hodm-heme,ammonnium,"fumarate,",0.5microl,"0.1mkscn,","na+hepes,","6.5
0.16",[protein],"
sulfate",tetra-hcl,"mg-salts,",guanidium,(peg2000),magnisium,"peg8000),","glycine),",monometyl,activator,"6000
200","tris-hci,",additive.,"suplhate,",acid-naoh,"6.0
0.2m",cryogenic,caps:naoh,manganous,"vanadate,",triclinic,peg-3350.,cisplatin,ammoinium,0.15-0.25,tris/hno3,bris-tris,pyruvate.,chts-dhfr,"citrate.,",homopipes,"bicelles,",15-20%peg,d/l-malic,"mgcl2,20%","30%peg4k,",1.85-1.90,0.05-0.15,mgformate,ches-naoh,homologue,monomeric,"cacl2
5%","lithium
",phosphine,pottasium,"4000
200",bis-tris.,"chlorite,","pga-lm
5",(40mg/ml),6.7%(w/v),"peg-8000,",peg3350).,"
sucrose",0.1-0.15m,"7.5-8.0),",detectors,"propane),",molecule:,"peg20,000",tris/hcl;,"zn(oac)2,",syringol.,necessary,"hanging
","ethanol.,",[morpheus,h155n-cdo,stablized,wild-type,"7.1mg/ml,",deionised,peg-10000,"peg3000),",additive),fragments,glycoside,gamma-pga,sulfoxide,mg(hco2)2,apo-hire1,ammoniumu,%(w/v)peg,truncated,20.8mg/ml,(547-977),ethelyene,c164s-cdo,"
screen:",(10mg/ml),geometry:,"25%(w/v),",phosphate,"30%(w/v),",isoniazid,100mm-mes,vortexing,according,"li2(so4),",sulfonate,"chrolide,",extensive,glycerine,"formiate,","aha
drop",optimised,five-fold,nacitrate,"buffer,ph","na/k3po4,",0.16-0.24,adenosine,"4000
0.1","nh4h2po4,",exception,"acarbose,","mes/naoh,",construct,potassium,peg500mme,zk200775.,hepes-hcl,20.7mg/ml,"cbz-glcn,",succinate,6-hydrate,"mgcl2,0.1","7.4
0.25",anaerobic,canavalin,amcitrate,"3350
0.3","citation,",treatment,"an
equal",strontium,jeffamine,"(k2hpo4),","nacl,0.1m",hepes-mes,brd4(bd1),"7.5
1.26","peg1000),",h155q-cdo,sacharose,deionized,polyvinyl,kanamycin,"soaking),",collected,"5100
0.1",picolinic,"peg6,000,",inhibited,"5.5,
25%","catechol,",15.5mg/ml,"19%
nacl",(vol/vol),"c

drop",400/27.7%,apramycin,hydrazide,"salphate,","4.5
20mm",resorufin,(hewl)-pt,following,tungstate,"nacl
18%","4000
100",38.00%w/v,nitrogen.,"8.5,
30%",divalents,tartarate,mentioned,"301633a1,",0.42-0.58,"acid
30%",0.25-0.15,solution;,diffusion,capillary,protected,chloride;,mgacetate,"(gly-gly,",arabinose,"400
0.1m",(additive,bacterial,(16mg/ml),present).,formamide,0.10-0.09,"buffer
,",holo-nrde,"mg/ml
25","udp-glca,","6.0-6.2),",(swissci),"7.9-8.4),",(r)-mvapp,(jbscreen,"actetate,","
200-400",nucleated,"6.5,
0.2","amp,
3.3",ascorbate,"naac,0.1m",comprised,imidizole,utilizing,tris(hcl),monooctyl,clusters.,hepes-na+,hepes-koh,200-350mm,"(ph=8.5),","pyruvate,","mm
hepes","sorbitol,",jbcscreen,manganese,"tartrate,","agmatine,","8000
0.1",hydroxide,beryllium,0.22-0.25,"protease,","
peg400,","7.5,
20%",n-dodecyl,"paratone,",n-butanol,na-malate,"flouride,","imidazol,",nh4ch3coo,hexagonal,"d-xylose,",(titrated,"pyridine,","bestatin,",caps/naoh,t-butanol,"mg(no3)2,",ytterbium,dialaysis,"7.6mg/ml,",monoolein,(mol/mol),"oxamate),","nacl
25%",4000/6000,maltoside,avibactam,"bis/tris,",resevoir:,hexaamine,eliminate,tribasic/,"nacl
1.5","6.2-6.3),","tris_hcl,","dcadomet,",malonate.,0.1-0.175,agitation,iodomuron,trihyrate,"kcitrate,","gradient,",(solution,"reduced),","peg-6000,",0.1-0.18m,citrate).,"crystals,",dl-malate,micolytic,"research,",assembled,"peg-3400,",1-butanol,dimension,5-7%(w/v),0.15-0.55,"
domain.","4000,0.1m","7.5-8.5),",d-mannose,actinonin,hepes/hcl,his313gln,"6.4-6.6),",auranofin,"1526003a,",suggested,"peg-5000,",threefold,"mops,50mm",four-fold,"(vxd5-6),",solution),propylene,pegmme550,"peg_6000,",(270-614),"sulphite,",guanosine,"
(soaked",12.5mg/ml,12.1mg/ml,xylobiose,peg3000);,"l-lysine,",resulting,d-camphor,saturated,"protein.,",gd2(so4)3,conjugate,mn2+2-hai,performed,peg4000);,hexammine,solutions,22.5%-30%,palmitoyl,patterns.,(356-525),"crystal
",iron(iii),"arginine,","mgcl2,100",di-sodium,"5.8-6.2),","5.5,
45%",17-20%peg,"butanol),","nacl
0.1","amp-pnp),","8)
mixed",co-enzyme,"m7gpppg.,",glutamate,dl-serine,dl-lysine,phenethyl,"cy-digmp,","(nh)2so4,","peg1500),",(ammonium,geometry.,[barcode:,dissolve.,carnitine,increased,dot1l-sam,tris-base,(2.5mcl):,phospahte,"6k

the","nitrogen,",tris/hoac,"tris-8.0,",complexed,additives,reductive,"3350,0.2m",aammonium,"minutes.,","anthrone,",180-220mm,identical,"nacl
22%","peg8000.,","glyercol,",ph=5.82).,"
acetate",d-glucose,glucoside,"ches
200",carefully,(nh4)2so4,cacodylic,routinely,purchased,myristoyl,(nh4)2po4,na+-hepes,coverslip,oxidized),"(ph-6.5),",caps-naoh,catalytic,"8.5,
15%","protein),","nacl,0.2m","ferritin,",5.5%(w/v),ch3coonh4,generally,1.25-1.5m,"nor-noha,","7.4
2.56",bosutinib,ornithine,"hepes_na,",naformate,tdp-qui3n,100-200mm,peg4000).,reservour,caacetate,7-8%(w/v),0.1%(w/v),infection,"the
well",reductase,"(buffer),",annealing,"(nh4)2ac,","4.0-5.0),",quercetin,"1605003a,",zaragozic,carbonate,overnight,2.92-3.0m,sisomicin,150-200mm,"tris/dcl,","1500
0.1",component,4-dioxane,"265717h6,","methanol,","glcn-6-p,",gradually,molybdate,"0.1mtris,",aliquots.,tascimate,0.5%(w/v),(rs)-mpd.,"mes.naoh,",0.16-0.2m,2.58-2.73,na-borate,0.15-0.30,reduction,consisted,"peg4,000,",additive:,galactose,cocktails,isopropyl,"
lithium",pyridinol,(~1mg/ml),0.2%(w/v),"tribasic,","l-serine,",l-fucose;,histidine,"spermine,",methylene,(spermine,peg-3350;,under-oil,sulfate);,300~500mm,"tris
1.6",protocol.,mcilvaine,contained,protease.,cytotoxin,ammnonium,propionic,imidazole,ethylene.,addtional,naacetate,pde9-ibmx,0.95-1.0m,"na-hepes,",ammounium,(nh3)2so4,activated,"tris-so4,","peg_3350,",imidozale,tris-hcl;,tacismate,trachaeal,unligated,"acid,
ph",anomalous,"3350
1:1","m
sodium","mgcl2,5mm",pyridoxal,bis-tris-,protamine,myoglobin,"kcl,
200","hepes7.5,",estradiol,"tris-hcl.,","(10mg/ml),","
27.5-40%",neuraminic,"5.6
340mm",wavelength,"cofactor.,",strychnine,"adenosine,","6.28,
0.2","ph6.5
0.2","mgcl2
25%","2000mme
2",cryostream,"5.0-5.75),","ph7.0-7.5,","peg-10000,",condition),magenesium,"homopipes,",parameters,"reference,",cryobuffer,his-tagged,tryhydrate,mg-acetate,n-paratone,17%peg8000,(nh4)h2po4,surrounded,"2-butanol,","acid/naoh,","k-formate,",naoac/acoh,t-butanol.,completely,"nicl2
0.1","tetra-hcl,","l-lactate,",detergent.,nh4acetate,0.02%(w/v),stabilized,na-formate,"7)
12-15%","6k

jm12","nacl
0.1m",l-tartrate,"c3h5(oh)3,",co-complex,42.5%(v/v),homoserine,cerevisiae,positioned,"(tilander,",ch3coonh4.,"3350
0.2m",phosphate/,d-tartrate,contained:,consisting,udp-glcnac,"nacl
20mm",dehydrated,"sulfate;
","
ammonium",0.25-0.35m,ca-acetate,methane/40,na-acetate,"phosphine,",nanoliters,monoclinic,"(w/v)
300",(reference,telaprevir,transition,"under-oil,",moenomycin,(molecular,"buffer,0.1",500mme/peg,pegmme5000,"mgcl2
10%",ampicillin,1-butanol.,setting-up,propolyene,li2so4;2.2,"23.4mg/ml,","18.5mg/ml,",postassium,androstene,0.14-0.20m,"salt,
200",pegmme2000,26.5%(w/v),0.05%(w/v),2-propanol,equivalent,"ul

well","technique,",phenylurea,pha-848125,hepes-naoh,hepes/mops,225985d11.,"solution:,","oil-batch,",(ebsi4333),represents,atmosphere,procedures,"nascn
100","dyhydrate,",glucuronic,hepes/naoh,"li2so4,0.1",containing,"glutamate,","cocl2
0.1",tetragonal,dl-serine;,15%peg3350,a(122-403),"harvested,",tri-sodium,",(nh4)2so4",afterwards,naringenin,"mg/ml
0.4","(racemic),",mono-ethyl,"glycerol),","3350
0.3m",diammomium,udp-galnac,"mm
mopso,","400
0.325",polyamines,clavulanic,c-centered,sulphate).,immidazole,laevulinic,"200
150mm",diclofenac,zn-acetate,cocodylate,research).,isomaltose,"liso4
0.1",(compounds,"overnight,","hepes
10%",pi3kg-his6,magnessium,triangular,"screening,","tris-base,",5-15%(w/v),restrained,cacodilate,"mepeg2000,",5%glycerol,micro-g/ml,"dtt,10%mpd",methionine,"(peg2000),",benzamidin,"(peg4000),",l-glutamic,"succinate,",(300x40x40,subsequent,"3350,
1.7",namalonate,"29.3mg/ml,",thereafter,"sunnyside,","hepes-koh,",sinefungin,"tcep
drop","7.5

the",dl-lysine;,hexaammine,"ches-naoh,",(350-400um,mes-buffer,research's,cacodylaic,homo-pipes,"solutions,",frugiperda,fractional,"sacrosine,",10-12mg/ml,cocadylate,spodoptera,"sulphate),","crystals
",(nh4)2so4.,trilithium,"k3citrate,",0.25%(w/v),(typically,hsp90a-ntd,"20%
hepes","ph7.0
0.1",edta/dtt);,"
compound",gadolinium,"0.1m
dmso",(vcid3088),hepes.naoh,expression,lanthanide,fos-mea-10,"mopso-na+,",(bis-tris),mgacetate.,"imidazone,",formation.,neurospora,"condition,",index(g5):,"ph3.0-4.5,","peg-20,000","galactose,",18.4%(w/v),peg5000mme,"peg4000,50","
freezing","melatonin,",three-fold,18-crown-6,mcsg1(b8):,"tris-hno3,","(malonate,","mgcl2
26%",l-allo-thr,"3,350
0.1",n-octanoyl,"kh2po4,0.1",condition:,/inhibitor,"performed,",33.6-45.9%,jannaschii,"sulfate,
",ascormbate,desialated,tribenuron,peg-3350).,eth-glycol,15.75mg/ml,solution).,0.001mg/ml,"pegme2000,",coordinate,solution:(,dihydrate),na-citrate,photassium,radiation.,"formation,",magunesium,(mes)-naoh,"glycerol,,",pramociane,bicine-hcl,beta-octyl,mg-formate,"tris_base,",cys336ser),"buffer
20",22.5%(w/v),17.5%(w/v),"ph7.0-8.5,",0.06-0.12m,na-tricine,"(nh4)2po4,","thymidine,","22.9mg/ml,",penoxsulam,mcsg1(e3):,"x-linking,",microbatch,benzamide.,"na-citrat,",vortexing.,reductase=,"carbonate,",mes-sodium,emeraldbio,"
22.5-35%","1000
12.5",additives:,suspending,(racemic);,(3.5mg/ml),protein/ml,fosfomycin,"1,6-hexane",li-acetate,cohexamine,mcsg1(d3):,hexanediol,monosodium,"2000
.02m",butanediol,"glabridin,",micromoles,de-ionized,reservoirs,dl-alanine,"dl-lysine,",c-terminal,"sulfphate,",8-14%(v/v),"inhibitor,",starbursts,"nacitrate,","tartrate),",imidazole:,cytochrome,"phthalate,",jcsg+(d5):,"k-citrate,",mes/sodium,0.1&#181;l,1.5&#181;l,pyridozxal,"293949g10,",pipes-naoh,"bsi108214,","
solution","hepes-hcl,",tobramycin,tacsimate;,gabaculine,reservoir),alprenolol,"solution),","21.5mg/ml,","naformate,","caodylate,",easyxtal).,"20%peg400,",cocrystals,dithionite,acetate-na,transfered,pre-formed,reference.,volasertib,"sunitinib,","mesophase,",oxypurinol,"variation,",l-cysteine,"dl-serine,",(0.15-0.25,"afterward,",1.25-1.35m,centrifuge,"
hexylene",(nh4)2so4],"8-10mg/ml,",thoroughly,f33y-cubmb,imidazole/,"mpd;
tris","divalents,","ph5.9,60mm","micromesh,",(imidazole,successive,mcsg1(a1):,"mepeg5000,",cyclohexyl,phosphinic,100mmhepes,"formamide,",32.5%(w/v),24%peg2000,filtration,"1.25%
peg","
tris-hcl",biosystems,previously,"acetate,50","ph=7
1.5m",ethoxylate,"sulphate.,",16%peg8000,saturation,pottassium,p-coumaric,incubation,"chloride.,",(anaerobic,luciferase,"ph7.0-7.2,","5-no2dump,",discussion,unliganded,"dihydrate,",t790m/c797,"8351-8357,","
presence",dissolving,unbuffered,monobasic.,"
propane,","1990)
the",dl-serine.,"protein).,",trinitrate,cacodylate,"l-alanine,","znso4,0.2m",mikroliter,(nh4)2so4;,"na/kh2po4,",ketoprofen,boceprevir,1-propanol,vitrified.,"gd2(so4)3,",cryocooled,"19.3mg/ml,",na3citrate,microlitre,"(nh4)2s04,",centigrade,14.4%(w/v),l-arginine,hexahedron,"kanamycin,",hydroxide.,"22.5mg/ml,",tryptophan,toxoflavin,8-10%(w/v),"l-fuctose,","nanodrop',",piperazine,"caacetate,","mgacetate,",morphology,"reductase,",n-propanol,holoenzyme,phosphate;,"3350(w/v),","znacetate,",decreasing,n-decanoyl,methoxypeg,subtilisin,chloride);,natartrate,nickel(ii),"aromatase,",10.0%(w/v),"tdp-qui4n,","tacsimate,","k-acetate,",(screening,"(peg)3350,",15-25mg/ml,"6,000
100",crizotinib,"(bsi1606),",depression,d-fructose,"disulfide,","(w/v)
peg",gentamicin,"phosphase,","acid
65mm","d-lactate,",d-ribose);,"3350,
1:1","hepes
and",14.37mg/ml,literature,dihydrate.,"amformate,","sulfonate,",triethanol,"4000,
0.2",hydrolyzed,mops/hepes,"tungstate,",naoac/hoac,"1000
0.2m",penicillin,l-aspartic,rod-shaped,"1-butanol,","crystals.,",acetyl-coa,"nacl,100mm","peg400
10","10mg.ml-1,",(981-1108),gramicidin,"20%peg500,","ches/naoh,","hadacidin,",li-sulfate,ammmounium,solutions),mgsulphate,udp-xylose,hygromycin,glycol/peg,0.05m-0.1m,"3,350
200",(nh4)2hpo4,spermidine,(including,"sulfoxide,","structure,","(peg3350),",dichloride,mcsg1(f1):,tris-borat,"tartarate,","tris
drop",bistrishcl,manuscript,cacadylate,"monoolein,",paratone-n,"ar-r17477,",33mg.ml-1.,formulated,"28.5mg/ml,",thiocynate,"molybdate,",spermadine,"citrate,
",asymmetric,s-adenosyl,o-vanillin,citrate(ph,1-butanol;,p-vanillin,"(0.001ml),","pa200
0.1",glycerol);,acid(naoh),0.12-0.58m,"deiminase,",2-proponal,tris-h2so4,peg2000mme,instrument,"mm
sodium","
protein:","acetylcoa,","chloride,,","
spermine","carnitine,",millimolar,"dl-malate,",d-sorbitol,0.1msodium,13.5%(w/v),mono-olein,"8.5
0.03m",solution);,hepes-mops,individual,succinate/,components,imideazole,diammonium,pentandiol,acetate(ph,"bis-tris,,","glycol
20%",pyrrolidone,"ethanediol,",cycloserine,"n-butyrate,",3-phosphate,"monoclinic,","mono-olein,",8/3-hydrate,nogalamycin,"nucleotide,",pentanediol,zn(ch3coo)2,"naoh-hepes,",12.53mg/ml:,"(32%),
mes",glycine-hcl,gdp-mannose,l-arginine),amm.sulfate,dl-glutamic,"saturated),",lyophilized,"peg4000
.1","tris
200mm","hepes,
25%","structures,",triammonium,(nh4)2so4).,(monobasic),"10%peg1000,",olomoucine.,triethylene,"40.69mg/ml,","(100mg/ml),",bis-tris-cl,mes/acetate,"ethoxylate,",protein:sah,propane/hcl,"microlytic,",stabilizing,"hepes:naoh,","propane
ph",polyacrylic,acetate-hcl,monohydrate,"
phosphate","(tribasic),",temperature,composition,"pulverized,","cadaverine,",phosphoenol,sulfate(the,hepes\/naoh,"5,000,
1.0","
harvested",25-28%(w/v),18%(w/v)peg,polystyrene,immediately,sodium-tart,"peg4k
0.01","cacl2.2h2o,","mono-basic,","8.5
23-30%","1,4-dioxane","cocadylate,","7
tryptone","procedures,","nacl
after","
tris-hcl,",mono-methyl,"triglycine,",appropriate,isofagomine,"kh(2)po(4),","50mm
stock","mg-formate,","ph8.5
0.2m","glycol,293k","tryptamine,","4000
200mm","propyl-amp,",griffithsin,"peg-550mme,",1-phosphate,"mgso4,
0.1","mgcl2,
0.1","
condition",incorporate,"peg4000
50","l-tartrate,","phosphate.,",microseeded,"mg/ml
well",nasuccinate,mono-sodium,protection:,bicine-naoh,dehydration,"10%peg6000,",saracatinib,deoxycholic,"ph7.5
0.2m",precipitant,propanediol,trihydrate.,crystallize,apoferritin,acetate/hcl,introduced.,tris-acetic,oxaloacetic,"20%peg4000,","30%peg4000,","dmso
well:","sulfate
8%",2-propanole,"mg-acetate,","3350
10.0%",bicarbonate,"8000,soaked","paratone-n,",nh4-acetate,cholesterol,"compound;
",tropisetron,"acetate
ph","glycol2000,",21.43mg/ml;,citrate-hcl,infiltrated,tert-butano,(+)-sucrose,"glycol
200",microseeds.,"li2so4
0.1","
chloride,","peg-mme550,",30-43%(v/v),"glycerol
7","citrate,0.1",combination,(269601c8):,diphosphate,peg2000/0.1,solution:50,bicine/tris,rectangular,mcsg1_a2-c2,guanidinium,illuminated,"
reservoir",di-hydrogen,"phenylurea,",ngrrnlk326a,milliliters,"asparagine,","(1r,4s,5r)-",(originally,0.2ul:0.2ul,"mg/ml,
and","chloride,
",isopropanol,"(nh4)h2po4,",12.25%(w/v),"collection,",tris/bicine,"isoleucine,","xylitol
5%",d-galactose,dideuterium,bis-tris(ph,l-arabinose,tacsimate);,"cacadylate,","tris-h2so4,",nh4-sulfate,phosphate);,pu-11-trans,na-tartrate,propane:hcl,"transition,",transferred,peg5000-mme,bistris/hcl,pressurized,co-crystal.,cacodylate/,tacsimatetm,nah2po4/1.0,ches/sodium,"peg-10,000,","(bis-tris),",na+-citrate,formulation,"chloride,50","cacodelate,","4000,0.150m",na3-citrate,"
imidazole",l-glutamate,"salicylate,","cacodylate,",glucosamine,"5.6
20.00%","8.5,
0.03m",preparation,na-fluoride,full-length,"acetate,0.1",fos-choline,"acetyl-coa,","dihydrate),",d-trehalose,"dl-alanine,","glycol3350,","protein,
2","udp-glcnac,","
potassium","adp-ribose,","d-sorbitol,",(14.5mg/ml),"sulfate,100","structure),","tris-hcl,
","isoprpanol,","(additive),","by
soaking","nitrate
10","sulfate,0.1",ca(151-231),"mm
li2so4,",mops/sodium,small-scale,"sinefungin,","ispropanol,","cacl2,
15%","14-dioxane,","sulfate
);","trizma/hcl,",oikonomakos,bis-oxalate,"mgcl2,6h2o,",10-12%(w/v),refinement:,beta-keggin,microlytics,"peg400
100",diffracting,equilibrate,"25%peg3350,","phosphate),",protein/dna,"dihydrogen,",citrate/hcl,"pegmme5000,",thermolysin,sulfate/peg,precipating,"immidazole,",t790m/v948r,6-phosphate,tri-citrate,"30%peg3350,","(30min-1h),",tris-maleic,0.18-0.22mm,naphosphate,bistris-hcl,30-35mg/ml.,acetate:hcl,"derivative,",micro-molar,"amp-pnp
20",nah2po4/0.8,lithocholyl,3-oxo-delta,"propane,1.8",precipatant,bromophenol,"phosphate
",carboplatin,"5%glycerol,",micromolar),c773a/c999a,naformate);,undisclosed,"dithionite,",30%(wt/vol),"nh4acetate,","incubation,","ampicillin,",succinate);,"glutathion,","na3citrate,",propoxylate,"peg8k
0.1m","
manganese","d-peptide),",polyethlene,"creatinine,",18-21%(w/v),equilibrium,glecaprevir,20-24%(w/v),gly-gly-gly,"isoflurane,","na-oxamate,",replacement,"cadodylate,",fluconazole,nah2po4/0.1,nah2po4/0.4,30-35%(w/v),"phosphates,",methane-hcl,derivative.,"naoac.3h2o,",j.mol.biol.,"bistrishcl,",tris-bicine,thiosulfate,collection:,28-32%(w/v),"tryptophan,",polythylene,"dl-serine),","tris,ph8.0,",equilvalent,"2000
0.02m",inactivated,tris-hcl(ph,(reservoir),nah2po4/1.6,"hepes/mops,",udp-glucose,millipore).,baculovirus,"sulfate
10","10%peg3000,",tris-sodium,reservoir\:,(containing,atmospheric,dmpc/chapso,"potassium
",conditions:,diffraction,naktartrate,"acetate,0.5",20%(w/v)peg,"25%peg4000,","glyoxylate,","12%peg3350,","sulfoxide),","cacl2
0.1m","isomaltose,",atp-gamma-s,"mes
28-32%",30-42%(v/v),jcsg+(e11):,equilbrated,15-17%(w/v),containing;,"peg400
0.1",maintaining,(w/v)peg750,"microliter,",spontaneous,experiment.,tri-lithium,phytochrome,d207l-y263f,"afterwards,",10%glycerol,20-22%(w/v),"experiment,","acetate_na,",mg(ch3coo)2,resveratrol,0.085-0.125,dicyanamide,acid/sodium,iteratively,"fosfomycin,","(d-glucose,","microbatch,",reservoirs.,"pipes-naoh,",nah2po4/1.2,(12.2mg/ml),dithionite.,equivalents,na-formate;,"(0.5-1.0m),",neutralized,"imidiazole,","liso4
0.1m","peg3350
2%",0.005%(v/v),"tartronate,",propan-2-ol,dl-tartrate,caps/sodium,"

protein",milli-molar,presqualene,benzylamine,"na-citrate,",[imidazole;,k-succinate,polyethylen,"(nh4)2so4),",micro-sized,"d-tagatose,",k-phosphate,propane-hcl,20%peg33500,benzamidine,"m
tris-hcl",bipyramidal,hexanetriol,"cacodyrate,",superdex-75,"containing,","peg4000
8%","mg-sulfate,",(millipore),tris-buffer,"isopopanol,",exahydrate;,mikroliters,glutathione,phosphonate,"lisulphate,",20%glycerol,dipotassium,"3350

the",urchin-like,microlitres,25%peg3350.,microfludic,morphology.,"nicl2.6h2o,",nacl/sodium,10~20%(v/v),"na.acetate,","trihydrate,",methylether,na-malonate,cacodylate.,thiocyanate,di-ammonium,polycarpine,peg-5000mme,"l-cysteine,",(comprising,cephalothin,19-20%(w/v),octyl-beta-,"

sitting","buffer
20%","solutions.,","choline-cl,",acid-sodium,m7-gtp-bound,protein:well,nah2po4/1.2m,2-microliter,"(30min-1hr),",plate-shaped,di-potassium,"nitrate
20%",aminocaproic,"sulfate.
it","citrate:hcl,",hydrochloric,biochemistry,"tris-buffer,","mncl2
2.5mm",nah2po4/0.8m,l-methionine,bicarbonate.,microliters),additionally,sddc-0001914,thiocyanate.,"
reservoir:",dimensions).,"tri-citrate,",5'-phosphate,"measurement,",isopropanol;,micro-bactch,2-propanol);,"pentanediol,","zncl2
well:",anapoe-x-405,equilibrate.,solid-liquid,expt:sitting,capillarity.,"temperature,","tris-bicine,",crystallyzed,"l-ornithine,",(296175h10):,"acetate:hcl,","7.5.

used","kendrew,j.c.",acetyl-coa).,"k-phosphate,","hydrate
0.1","diphosphate,","isopropanol,","nacl.
mixed",#NAZWA?,rhombohedral,crosslinking,terephthalic,rbv-infected,replacements,"6-phosphate,","peg400
0.1m",multiplicity,"acetate
100",mg(ch3cooh)2,"mes/acetate,","phosphate
,","1,4-lactone;","microliter.,","butyryl-coa,",mycophenolic,nah2po4/1.6m,"mg/ml
ratio",nakphosphate,benzamidine.,"galectin-3c,",pentanediol.,"li2so4
0.1m","dimensions),",orthorhombic,"acetate
17%","propane:hcl,",nacacodylate,solution:100,"d-maltoside,",p500mme_p20k,"7.0);
cryo:","calcodylate,","8.8
protein","sulphate,0.1",acid/na2hpo4,sulfobetaine,"glutathione,","0.1m
sodium","sulfonamide,",pentahydrate,microgravity,trichloride;,l-tryptophan,tripotassium,"sulfate,
20","acetate
18%","centigrade.,",na-malonate;,"ca(ch3coo)2,",polyehtlyene,polyglutamic,"1,4-dioxane,",iso-propanol,"phosphonate,","mes/peg6000,","l-histidine,","publication,","thiocyanate,","peg-mme-550,","imidazole
8","isovalerate,",dl-ornithine,"naphosphate,","sulfate
16%",respectively,microliter):,"9.0

soak:",tris/acetate,deoxycholate,tmk-s.aureus,tris-acetate,"peg4000,
50",quasi-labile,oxaloacetate,"ph=7.6
0.1m",glycerol/peg,nak-tartrate,acid-na2hpo4,"isoproponal,","the
hanging","protein
0.2","l-arabinose,","amp-pnp
24%","tris/bicine,",bis-tris/hcl,"peg4000
0.2",acid/peg3350,glutathione),"peg8000
0.2","nasuccinate,",supernatant.,"hexahydrate,",hexanoyl-coa,ethanolamine,cryofreezing,non-standard,myo-inositol,"nh4-acetate,",condensation,"nh4-citrate,",inositol-6-p,"
monomethyl",subsequently,na-cacodylic,na-phosphate,acetaldehyde,"citrate/hcl,","peg3350
0.2",flash-cooled,defluorinase,"ter-butanol,",2.400000000m,isopropanol.,"formate
0.1","thrihydrate,","na-malonate,","acetate
2.0","citrate
0.1",inositol-5-p,reservoir:9%,triphosphate,"trichloride,",cryptococcus,benzaldehyde,"peg-5000mme,","tacsimatetm,",erythrocytic,"peg500,
and",tert-butanol,"
phosphate,","acetate
15%",monoammonium,optimization,sodium-hepes,substituting,flash-frozen,"formate
20%","propane
0.2",methyl-ether,polyethelene,ferricyanate,"benzamidine,",glucose-free,crystallizes,mes/imidazol,imidazol/mes,"mg/ml,buffer",motherliquor,"fibrillarin,","5.5
protein","ph=8.5
1.5m",intermediate,monohydrate;,"n-dodecyl-n,",cross-linked,constituents,"acetate
32%",na(ch3)2aso2,acetonitrile,purification,"cholesterol,","4-pentadiol,","li3-citrate,",nicotinamide,"1-phosphate,",bromosporine,trimethoprim,temperature),"citrate
15%","na(ch3)2aso,",bis-tris-hcl,"peg3350,0.2m",poly(acrylic,tris-maleate,n-morpholino,polyethylene,acetate-naoh,"peg2000-mme,",seed-crystal,"tcep
mother",nahepes/mops,"ph=5.5,
25%",p550mme_p20k,tartrate/bis,"iospropanol,",chymotrypsin,equilibrated,"microbathch,",glycine-naoh,formaldehyde,"sulfate
100","sulfate
15%",levoglucosan,"citrate
20%",nh4-sulphate,"collection.,",well:protein,"d-ala-d-ala,",promirolysin,"nucleotides,","acetate
peg",conventional,"d-ornithine,","buffer
cryo",polyacrylate,precipiation,"gdp-mannose,",na-succinate,"citrate
30%",monohydrate.,naoac-acetic,"chloride
6%",experimental,"20%peg-8000,","isopropanal,",20%-25%(w/v),"10%glicerol,",praseodymium,"glycol-4000,",propan-2-ol.,hexahydrate:,precipitant:,"dmso
double",alpha-keggin,"na3-citrate,","m
magnesium",l-aspartate),ethylmercury,hepes/sodium,"2-propanol.,","water
mixed","glycol
0.2m","and
15mg/ml",crotonyl-coa,"5-phosphate,","25%glycerol,","gadoteridol,",l-gulonate);,8-azaxanthin,"cacodylate.,","peg5000mme),","0.1tris.hcl,","evaporation,","bicine-tris,",geldanamycin,"methylether,","chloride,0.1","ethoxylate),",knatartrate;,"prinomastat,","thiocyanite,","benzylamine,","atp-gamma-s,","thiosulfate,","citrate
peg",temperature:,polyehtylene,"2-methyl-2,4",0.200000000m,"cacl2
well:","propane
25%",na3-citrate;,0.1mbis-tris,modification,tri-ammonium,"ca(ch3co2)2,","1,8-cineole,","(c-hega-10),","(monobasic),","ca(c2h3o2)2,",di-ammoinium,"decahydrate,",isopropanol),"mes-acetate,",monocrystals,"alanine/hcl,","acetate,0.1m",microdialysis,sulphobetaine,"tris-hcl
(ph",acetylacetone,"peg3350,
0.1",phosphate/1.6,(dmpc):chapso,"crystallized,","hanging-drop,",precipitating,"w/v
anaeroby",microseeding:,butyrolactone,"8.5
2.5-2.65",27.5-35%(v/v),4mu-6s-glcnac,"naoac
27-29%",phosphorylase,synaptotagmin,myristoyl-coa,aminohexanoic,respectively),"polyacrylate,",na-cacodylate,eqillabration,tris-chloride,"4.5

soaked","tris-acetate,",plp_snyder496,monomethylpeg,"parrish,r.g.,",poly(ethylene,"peg3350,100mm","monohydorate,","mpd
compound",vitrification,"oxamate
0.1m","ph6.5,
0.02m",micro-seeding,"pyridoxamine,","arginine
0.1","hexanoyl-coa,","triton-x-100,",switzerland).,benzamidinium,4-nitrophenyl,"peg3350
0.7%","citrate
50mm","8.3,
screen:","ddt;
screen:",pyrophosphate,decarboxylase,"fluoride,
20",kp04/nap04-ph,tcglck(f337l),samarium(iii),"5.8,saturated","phosphate
30","8000,ammonium","citrate
0.05",microseeding.,[co(nh3)6]cl3,"malonate
12%","peg3350
35mm","6-10%peg6000,","(mmt)-buffer,",sodiumformate,hydrocinnamic,"5'-phosphate,","(w/v)
bicine","20%
glycerol","5.0,
crystal",beta-mercapto,pegmonomethyl,macroseeding.,trace-amounts,"ethanol,
36%","acetate,
0.1",microcrystals,bicine/sodium,"8.3.
screen:","phosphate
10",flash-cooling,"naformate,10%","citrate
0.06","peg400,
0.1m","4-butanediol,","hydrochloric,","sulphate,0.1m",glycylglycine,poly-ethylene,equilibration,corresponding,tri-potassium,"acetate
0.05","4000
crystal",pre-incubated,pluronic-f-68,acetazolamide,"iso-propanol,","sulphate
100","pentaglycine,",ratio.seeding,"protein
0.02","na-phosphate,",udp-galactose,sodiumcitrate,"peg4000
0.1m",(base)/bicine,4-pentanediol,"na-succinate,","isopropanole,","m
cacodylate",imidazole/mes,"p550mme_p20k,",sulfo-betaine,stabilisation,d-glycerate);,"sodium-hepes,",imidazole/hcl,"sulfate
0.1m",sitting-drops,methylpentane,thiordidazine,mes-imidazole,international,(tris/bicine),"chloride,
25","1,6-hexandiol",mes/imidazole,bicine/trizma,monohydrate).,"2-propanol,20","8.3;
screen:","tartrate
10%",na/k-tartrate,"fluoride
0.1","acetonitrile,","bis-tris-hcl,",na-k-tartrate,"
precipitant",guanidine-hcl,"peg-5000-ome,","chloride
peg","sulfate,
100",hydrochloride,precipitation,dithiotheitol,"tartrate
20%","li2so4,
0.1m",tris-carbonyl,2'-br-dappnhp,"

reservoir","nad;
screen:","additionally,",optimization:,"l-citrulline,","chloride
0.1",trisaccharide,k-thiocyanate,arsenocholine,melting-point,crystaldirect,pentaethylene,mes-imadazole,streak-seeded,mops/na-hepes,dl-glutamatic,"5.8.
crystal","5.0.
mixing:","citrate
0.1m","sulphate
0.1","mes-bis-tris,",mops/hepes-na,k/na-tartrate,"5-6.5.
vapor","ferricyanide,",monopotassium,methylmercury,dehydrogenase,solution:0.2m,dehydroquinic,bobua.01478.a,(polyethylene,nak-phosphate,cryprotecion:,intracellular,crystallizion,anpha.00817.a,"bis-tris/hcl,",iminodiacetic,hosaa.18070.a,d-(+)-glucose,"microfluidic,",monophosphate,imidazole-hcl,10-20%peg4000,acetat-puffer,solution:0.1m,"nacl,10%(w/v)","propane:naoh,","d(+)-sucrose,","
crystallant","tris-sulfate,","tetrahydrate,",ch3coona.3h2o,l-glutathione,manganese(ii),"2-methyl-2,4,","sulfate-free,",saccharomyces,tetraethylene,"(innovadyne),","saccharopine,","glutathione),","p550mme/p20k,","mes-imadzole,",glutathione);,"(unbuffered),","halofuginone,","nak-tartrate,",mono-ammonium,"
microliters",equillibrated,propionyl-coa,"chymotrypsin,","gamma-lactam,",polypropylene,"dinucleotide,","bis-tris,0.2m","homocysteine,","tert-butanol,","glutaryl-coa,","preparation),",mpd_p1k_p3350,triethylamine,imidazole-mes,"tlck-treated,","oxaloacetate,",cryoprotected,"triphosphate,",k2hpo4/kh2po4,compound-soak,"nh4so4,0.225m",kh2po4/k2hpo4,plunge-cooled,"measurements,",dodecanedioic,mother-liquor,"fluoride
20%",staurosporine,"malonate
20%",ethylenglycol,"protein:well,","specifically,","dibasic,
20%","8000
buffer:","tartrate
0.1","cholesterol),",8-azaxanthine,ethoxyethanol,"

inhibitor",ck2alpha1-335,"5.1
soaking:",cryopreserved,"3350
protein",equlibration:,"monohydrate),","macroseeding,","sulfate
0.01","sulfate,
10%","peg4000
0.2m",p-nitrophenyl,"azithromycin,","mother
liquor","12%2-propanol,","s)-dobutamine,",ethyleneglycol,(approximately,sulfate/sodium,"1,3-butanediol","mops/na-hepes,","glycerol
0.02",methylmercuric,2-oxoglutarate,dibasic/citric,(concentration,glutaraldehyde,endoproteinase,acetate-acetic,dithiotheritol,"n5-formyl-thf,",isothiocyanate,"4000,magnesium",ethylenglycol.,peg-monomethyl,"peg400
sodium","halorhodopsin,","2000,
100-300",rigakureagents,protoporphyrin,cocrystallised,6-aminocaproic,dibasic/sodium,"hepes/mops-na,","staurosporine,",spiroadamantyl,"bis-tris/naoh,",19-20%(w/v)peg,dihydroorotate,"2,3-butanediol","peg3350,
54.6","dehydrate
1.0",hydrochloride;,"respectively),","trihydrate,0.1",8-azaxthantine,"cryoprotector,","1,2-ethanediol",citrate-citric,"(p:r)
protein","mg/ml
protein",peg4000/sodium,"mncl2,
0.002m",trimethylamine,"tetrachloride,",3-n-morpholino,pharmaceutica.,bistrispropane,"3350.
protein","2m(nh4)2so4,5%","(70mm
na2hpo4","(nh4)2so4
34%","sulfate,
0.1m","
precipitant:","0.1m
ammonium",mononucleotide,"20%(w/v)peg1k,","na-k-tartrate,",deoxyguanosine,"na-dithionite,",microseeding.;,"(nh4)2so4
0.1","sulphate
0.1m",0.15m(nh4)2so4,"chloride
0.1m","solution:
0.1",sodiumformiate,nah2po4/k2hpo4,na-thiocyanate,equilibration),dithiothreitol,"4-pentanediol,","malonate,
0.1","acetate,sodium","4000
crystals","k-thiocyanate,",micro-crystals,"tetrahydrated,","sodiumcitrate,",cocrystallized,acetate-sodium,nitromethylene,&#1084;&#1052;,morpheus(h12):,"pep

sitting","tacsimate,0.1m","acetate.
drop","na/k-tartrate,","tris-chloride,",octylglucoside,"tcep;
protein","k/na-tartrate,","sodiumformate,",dl-isocitrate.,"pyrophosphate,",k/na-phosphate,"1,4-butanediol",per-deuterated,monosaccharide,pentaerythitol,cacodylate:hcl,"tartrate,
20%",hexaminecobalt,"6.5.
morpheus",3-deazathiamin,citrate/sodium,na/k-phosphate,"mops/hepes-na,",phosphate/1.6m,mono-potassium,acetate-buffer,"li2so4
10-15%","fos-choline-9,",2-ethylestrone,tri-na-citrate,"mes,0.14-0.20m","hydrochloride,","with
crystals","orthovanadate,",acetate/acetic,alpha-glucosyl,protein:ligand,na2hpo4:citric,nah2po4/kh2po4,glyceraldehyde,"mpd_p1k_p3350,",protein-ligand,"dl-isocitrate,","concentration,","kh2po4-k2hpo4,",acetylcoenzyme,xtalcontroller,solution:100mm,kh2po4/na2hpo4,"solution:
2.2",cacodylate/hcl,propane/citric,kh2po4/citrate,"phosphoserine,",(reservoir+20%,acetate(ph4.6),carbenicillin),stoichiometric,35-40%ammonium,citrate/citric,ethanesulfonic,"polyethylene
",protein:mother,"chloride
50mm","1,6-hexandiol,","sulphate
mpeg",phosphorylated,enmetazobactam,"dihydrate
0.1",[poly(ethylene,4-aminobenzoic,"cyclohexanone,",protein-biotin,"1,2-hexanediol",crystalization,b-nicotinamide,"(nh4)2so4
0.5","
temperature:","
dinucleotide","precipitation,",(precipitant).,cryoprotecting,"mm.
reservoir",sodium-citrate,na2hpo4/kh2po4,"9.
inhibitor:",citrate:citric,cacodylate-hcl,sodium-acetate,"imidazole:hcl,","glycerol
0.1m",centrifugation,"ethylenglycol,",glycylglycine),glycyl-glycine,pentaerythriol,bis-acrylamide,"volume(500ul),","mes-imidazole,","2,5-hexanediol",diamond-shaped,"4000
ammonium","(35mm
na2hpo4",trialscrystals,mopso/bis-tris,"5.6-6.3
20-30","k-na-tartrate,",chromatography,nonylglucoside,k2hpo4/nah2po4,"dithiotreitol,","microdialysis,","mg/ml
buffer:",na3citrate-hcl,[ca=carboxylic,"
macroseeding",na2hpo4/citric,"na/cacodylate,",methanol/water,"aminoacidsmix,","bromide
0.03m",pre-incubating,tris-phosphate,l-(+)-ammonium,"1,2-butanediol","peg3350
hepes","1,6-hexanediol",25-30%mpeg2000,"spermidine-hcl,","dithiothrietol,","trihydrate
20%","(nh4)2so4
0.1m","bistrispropane,","

precipitant","phosphocholine,",polyoxometalate,above-mentioned,"citrate(ph5.6),","lithiumsulfate,","gdp-perosamine,","ribonucleotide,",hexadecanedioic,precipitant:27%,"cacodylate/hcl,",2-oxoglutarate.,"cryoprotection,",monopalmitolein,sodium/potasium,"ammoniumsulfat,","orthophosphate,",respectively---,"na,k-phosphate,","5.0-6.5.
vapor","np_isopropanol,","6.0-7.5
24-30%",concentration:7,"1,3-propanediol","2,3-butanediol,","1,2-propandiol,",(v/v)ethanediol,cyclohexylamine,"acetate,10mg/ml",concentration).,pentaerythrytol,malate/mes/tris,"sulfate
sodium","(saturated),peg","(nh4)2so4,
0.1",6-aminohexanoic,dithiothreitol),"
cryoprotected",oligonucleotide,anhydrofructose,"2,4-pentanediol","cacodylate
30%","0.88mm
an12855","1,2-propanediol","sulfate
20-25%","na/mes/acetate,","7.7

oxidized","1,6-hexanediol,","20-25%pegmme2k,",imidazole/malic,monomethylethyl,acetohydroxamic,"cacodylate-hcl,","2,5-hexanediol,",tribasic/citric,mercaptoethanol,4-nitrocatechol,"acetate,
100mm","lithiumacetate,","adenosine-5'-
",triethanolamine,"20%isopropanol,",cryo-protected.,"monosaccharide,",monomethylether,tetrahydrofuran,(non-volatile):,d-erythronate);,"8.6-9.2)
0-20%",saccharolactone,uch-1/proctitis,"isothiocyanate,",geranylgeraniol,cryoprotectant-,"acetic-acetate,",high-throughput,ammoniumcitrate,"dithiothreitol,","fluoride
0.03m",cacodylate-naoh,"nah2po4/k2hpo4,",phospho-citrate,"18-crown-ether,","methanol,hepes,","dithiotreithol,","1,2-butanediol,",hexamminecobalt,sodiumphosphate,ammoniumacetate,"1,2-hexanediol,","2-oxoglutarate,",sodium-tartrate,"sigma-aldrich),","1,6-hexanediol;","20%peg8000,0.1m",ethoxylate(15/4,benzylhydrazine,glucopyranoside,"citrate(ph4.4),","8.0

protein:",acetate:15mg/ml,4-hydroxybenzyl,acetyl-coenzyme,lithiumsulfate;,centrifugation.,bis-trispropane,co-crystallised,"1,6-bisphophate","9-deazaguanine,","8
precipitant:",tri-methylamine,polyethylglycol,"l-argininamide,",parallelepipeds,chloramphenicol,"(ac-3,5-dii-yg)",ammoniumsulfate,1d-myo-inositol,"cacl2.
complex",monosaccharides,polymer-induced,"octylglucoside,",3-butylthiolane,"1,5-pentanediol","mes
0.14-0.20m","tris-hcl,20-25%","n172k,r196e_iii",pentaerythrivol,trifluoroacetic,"-butyrolactone,",(sigma-aldrich),"protein,
0.050","fos-choline-14,",decarboxylation,"trihydrate
0.1","methylmalonate,",dihydrochloride,pegmme5000/0.2m,3-aminopyridine,citrate/citrate,"acetate-buffer,",cacodylate/tris,propanesulfonic,propoxylate(5/4,"l-tartrate
21%",fluorophosphate,monomethylester,dichloromethane,dimethyl-lysine,"formate

drop","glycyl-glycine,","5.6-6.2,
20-30","edta
reservoir",n-oxalylglycine,pentaerythritol,(weight/volume),bistris-propane,"dichloromethane,",[crystallization,5'-monophosphate,malate/imidazole,myava.01530.a.a1,l-allo-threonine,ammonium-sulfate,tetrahydrofolate,"shelf.
crystals",peg20k-peg550mme,acetohydroxamate,mg/ml)containing,lysophosphatidic,"trihydrate,
2.4",tertiary-butanol,"1,3-propanediol.",bis-tris-methane,trbra.00438.a.b1,crystallisation.,"crystallisation,",nitrilotriacetic,sodium/potassium,citrate/ammonium,sodium-potassium,d-(+)-melezitose,"glucopyranoside,",monomethyl-ether,mysma.00247.b.a1,chloride/calcium,"cryoprotection),",coima.00584.a.a1,trifluoroethanol,ammonium-citrate,"isopropanol,0.1m",4-hydroxybenzoyl,"bistris-propane,",phosphate/citric,(n-(2-acetamido),molecular-weight,"5.0-5.5
300-500",na-cacodylate(ph,"25%(w/v)peg3350,","6000
reservoir:",ritya.18390.a.b2,"ammoniumacetate,",buvia.00139.a.b1,pentaerythritiol,2-ethylestradiol,"(1,6-hexanediol;",crystallisations,hexakisphosphate,ultrafiltration.,(cryoprotectant),"na2hpo4/nah2po4,","calciumchloride,",mono-methylether,hexaminecobaltic,protein/compound,"mpd,cacl2,sodium",sodiumcacodylate,citrate/bis-tris,potassium-sodium,"triethanolamine,",crystallisation:,"thiocyanate
40%","chloride/amppnp,","monohydrate
20%","glycol,magnesium",sodium-phosphate,imidazole/malate,"cryoprotectant.,",crystallization:,bis_tris_propane,peg550mme/peg20k,"ethylene-glycol,","1,5-pentanediol,","1,3-propanediol:",methanol/ethanol,"
cryoprotection","20%(w/v)peg6000,","(sigma-aldrich),",di-ethylammonium,monomethylethyer,monobasic/sodium,compound:protein,"1,6-bisphosphate","chloride,
0.003","1,3-propanediol;",butha.00944.a.a1,cryopreservation,bis-tris-propane,dihydroneopterin,"peg400
1.2-1.5m",sodium/phosphate,penta-erythritol,"lithiumsulphate,","cryo-protection,",3-aminobenzamide,"hepes:naoh,
10%",2-(n-morpholino),crystallization.,n-dodecyl-beta-d,"murine
delta114",imidazole-malate,monoacylglycerol,"gly-gly-gly-gly,",myaba.00725.a.a1,"methanol,calcium",butha.00438.a.a1,hepes/naohph=7.4,well-diffracting,"na2hpo4-citrate,","2,4-pentanediol,","20%(w/v)peg3000,",pentaerythritole,sulfate(12-20mm),5-sulfosalicylic,bupse.01471.a.a1,"nacl
reservoir:",hexaamminecobalt,cryo-protection:,ammoniumsulphate,"1,2-propanediol,","methenyl-h4mpt+,",vapour-diffusion,"tetrahydrofuran,",polyoxotungstate,"dihydrochloride,","trihydrate.
0.1","2-ethoxyethanol,","trifluroethanol,",bupsa.00102.a.a1,"benzamidine-hcl,",co-crystallizing,"me-man
reservoir","oxaloacetate
1.0",citrate/phosphate,hydrogenphosphate,"peg8000,trimethyl",cocrystallisation,(w/v)polyethylene,protein-inhibitor,room-temperature.,reservoir:protein,trifluoropyruvate,"ammonium-sulfate,",n-acetylglutamate,dodecyl-maltoside,"1,3-propanediol),",cocrystallization,"acetate
bis-tris",bupsa.00130.a.d21,polietilenoglicol,tris(base)/bicine,beta-nicotinamide,"b-octylglucoside,",imidazole/maleate,"chymotrypsin:alk,",photo-degradation,tetrakisphosphate,pentakisphosphate,propionate/sodium,"heteronucleation,","imidazole/malate,","bis-tris-propane,",2-mercaptoethanol,11miligram/millil,"hydroxycobalamin,","hepes/naohph=7.4,",magnesium/calcium,"propane-1,2-diol,","tcep.
reservoir:","(cryoprotectant),",inhibitor/protein,"peg4k).
soaking:","100mm
cacodylate","dihydrophosphate,","phosphate;
cryo:",4-phenylimidazole,enhia.01033.a.mb1,peg550-monomethyl,2'-deoxyadenosine,"glycol
additive:","monomethyl-ether,",citrate-phosphate,"bis-tris,0.2-0.3m",diffusion/sitting,"sulfobetaine-195,","ammoniumsulphate,",phosphate-citrate,protein:inhibitor,"1,6-diaminohexane","25%(v/v)glycerol,","dithioerythritol,","mgcl2
reservoir:","1,4-diaminobutane",sodium-cacodylate,fucose-containing,"
cryoprotectant:","polyacrylate
0.1",d-galacturonate);,d-glucopyranoside,"trihydrochloride,","isopropanol,200mm","undecylmaltoside,",dimethylsulfoxide,b-mercaptoethanol,sodium/postassium,(cryo-protectant),polyethylenglycol,"ammonium_sulfate,","hexahydrate,
0.1",co-cystallization,praseodymium(iii),"beta-d-maltoside,","na-formiate
0.10","na3c6h5o7-c6h8o7,","2-mecaptoethanol,",4-hydroxyphenacyl,"5'-monophosphate,",phosphate/citrate,dhfr-folate-nadp+,"1,8-diaminooctane","25%w/v

crystal","overnight

cryo","data
collection.",methylpentanediol,"1,2,6-hexanetriol","crystallization.,",counterdiffusion:,n-octanoylsucrose,"li3(c3h5o(coo)3),","tetrahydrofolate,","asparate.
mother",beta-lactoglobulin,"acetate
harvested",counter-diffusion:,dl-malate-mes-tris,solution:reservoir,cryo-stabilisation,"drop,
temperature",tartrate-4-hydrate,"methylpentanediol,",steady-temperature,tetraethylammonium,"bis-tris
0.2-0.3m","1,5-diaminopentene","nonyl-d-glucoside,","1,2,6-hexanetriol)","glycerol
soaking:","1,6-diaminohexane,","1,5-diaminopentane",cyclohexylammonium,gamma-butrylactone,tetrahydrochloride,"citrate-phosphate,",glycerol-phosphate,d-glucopyranoside.,polyethyleneglycol,tris-hydrochloride,ribose-5-phosphate,o-phospho-l-serine,"tetrahydrate
0,1m","
mercaptoethanol,","recrystallization,","hydrogenphosphate,","(well:prot:inhib),",protease-inhibitor,cocrystallization.,alpha-ketoglutaric,cobalt(ii)chloride,"b-octyl-glucodise,",2-methoxyestradiol,"1.6-diaminohexane,",microgravity/vapor,"8000
precipitant:","adenosylcobalamin,",co-crystallization,polyacrylate/hepes,"n-octanoylsucrose,","protein:reservoir,",perfluoropolyether,tri-sodium-citrate,"polyethyleneimine,","phosphate/citrate,","magnesiumchloride,","methylphosphonate,","concentration.
in","peg3350:reservoir,","sodiumcitrate
20%","imidazole/maleate,","solution
crystals","dmso
precipitant:",polypropylenglycol,"monohydrochloride,","tris(base):bicine,",2-mercaptoethanol),"2-mercaptoethanol,",methylmalonyl-coa.,dl-5-hydroxylysine,"ck2alpha'cys336ser,",phosphatidylcholine,glycol-polyethylene,protein:crystallant,glucose-6-phosphate,co-crystallization.,triethanolamine-hcl,"co-crystallization,",idh2/r140q:agi-6780,"ph5.6
precipitant:",trans-4oh-l-proline,phosphate-monobasic,"tris-hydrochloride,",3-fluoro-l-tyrosine,2-phosphoglycerate.,"dimethylsulphoxide,",cacodylate/bis-tris,beta-octylglucoside,"1,2,3-heptanetriol.","1,6-bisphosphatase,",pentaethyleneglycol,"sulfamoyladenosine,",diffraction-quality,triethanolamine/hcl,gdp-alpha-d-mannose,"bistrispropane/hcl,","trimethylamine-hcl,","diffusion,
hanging",precipitant/protein,"batch/microseeding,",tetramethylammonium,n-perfluorohexanoyl,"citrate
dihydrate,",gamma-butyrolactone,n-octyl-d-glucoside,dehydration-induced,tetraethyleneglycol,n-acetylglucosamine,dihydrogenphosphate,protein-precipitant,alpha-ketoglutarate,monobasic/potassium,glucose-1-phosphate,protein:precipitant,"magnesium-chloride,","hemi(pentahydrate),","octylthioglucoside,","9.5
cryoprotectant",3-mercaptopicolinic,"bupsa.00130.a.d214,",pa-iil/glycomimetic,polypropyleneglycol,"methanol,
30-42.5%",acid/imidazol/boric,poly-gamma-glutamic,"2,2'-anhydrouridine","tri-ethyleneglycol,","6-phosphogluconate,",trypsin-benzamidine,mpd/peg1000/peg3350,polyvinylpyrrolidone,"methyl-propane-diol,",phosphoethanolamine.,"solution
containing","potassium
phosphate",pentaethyleneglycol;,"polypropyleneglycol,","mes-bis-tris-buffer,",beta-mercaptoethanol,bis-tris-methane-hcl,"epsilon-caprolactam,",(poly-gamma-glutamic,"tetraethyleneglycol,","mpd_peg1000_peg3350,",na-phosphate-citrate,beta-octyl-glucoside,di-ammonium-hydrogen,"glucose-6-phosphate,","(rs)-1,2propanediol,","s-thiolodiphosphate,",polyethyleneglycerol,2-aminobenzimidazole,post-crystallization,gamma-butyrolactone.,"gamma-butyrolactone,",phospho(enol)pyruvic,"trypsin-benzamidine,",methoxy-polyethylene,"methyl-pentane-diol,",chymotrypsin:protein,28%(w/v)polyethylene,acetate/hydrochloric,"2,2'-anhydrouridine,","n8-acetylspermidine,","mg/ml

microseeded","n,n-dimethylglycine,",pentaethyleneglycol:,alpha-glucopyranosyl,"k2hpo4/kh2po4/h3po4,",vibration-isolation.,"(10mg/ml)
reservoir",bis-tris-propane-hcl,4-methylumbelliferyl,"phosphoenolpyruvate,","phosphate-monobasic,","citrate

condition","n-octyl-d-glucoside,","the
crystallization","nh4h2po4/(nh4)2hpo4,",hexaamminecobalt(iii),pyridoxal-5-phosphate,beta-mercaptoethanol.,"4-hydroxybenzoyl-coa,",beta-mercapto-ethanol,"7.5.
cryoprotectant:","beta-octyl-glucoside,",monohydrate-potassium,"8.5.
cryoprotectant:","drop
crystallization","microbatch-under-oil,",braba.11339.a.pw27637,"
protein/precipitant","against
optimization",reservoir/precipitant,tetrabutylphosphonium,penta-ethyleneglycol;,"gamma-butyrolacetone,",(protein:precipitant),"l-2,4-diaminobutyrate","peg3350
0.1mbis-tris",n-octyl-b-d-glucoside,monohydrate/potassium,dimethylethylammonium,methyl]-2-aminoethane,"6.6.
crystallization","glutathione(reduced),","acetate(0.1m)-buffer,","omp
cryo-protection:",beta-mercaptoethanol),glycyl-glycyl-glycine,glycol-550-monomethyl,beta-glycerophosphate,temperature-regulated,"3350
cryoprotectant:","precipitant.
protein","dithioerythritol(dte),","1-oleoyl-rac-glycerol,","s.schultz,a.f.v.wagner",p-chloromercuribenzoic,"n-omega-propyl-l-arg.,","hydrochloride

plate",s-adenosylhomocysteine,pyridoxal-5'-phosphate,imidazole/hydrochloric,beta-d-glucopyranoside,"ingredients:
polymer:",beta-mercaptoethanole),p-chloromercurybenzene,"acetate.
soaking/cryo","beta-mercaptoethanol.,","hoc(coona)(ch2coona)2,","solution
supplemented",n-acetyl-d-glucosamine,temperature-controlled,"2,4-methylpentanediol,","2,2,2-trifluoroethanol",cetyltrimethylammonium,tacrine(10)-hupyridone,"dtdp-3-aminoquinovose,","chloride
citrate/tris","concentration(4mg/ml),","peg400
cryoprotectant","methyl-2,4-pentanediol","1,6-hexanediol,
vapor",dodecylmaltopyranoside,p-chloromercurybenzoic,"theophylline
compound","pyridoxal-5-phosphate,",n-[tris(hydroxymethyl),beta-phosphoglucomutase,"peg-5000-o-methylether,",(1-oleoyl-rac-glycerol),"1,3-dimethylimidazolium",cacodylate/hydrochloric,"s-adenosylhomocysteine,",udp-n-acetylglucosamine,sulfonato-calix[8]arene,35%(w/v)pentaerythritol,"3,4,5-trimethylthiazole",n-butyryl-dl-homoserine,"lithium-meta-tantalate,",bis-tris/hepes/tris-hcl,"2-methyl-2,4-pentadiol,","n-octylglucopyranoside,",n-abietoyl-l-tryptophan,"beta-d-glucopyranoside,","trimethylamine-n-oxide,","pyrrole-2-carboxylate),",n-hexanoyl-l-homoserine,"&#946;-mercaptoethanol,","2-methyl-2,4-pentandiol",trimethyl-amino-n-oxide,n-dodecyl-b-d-maltoside,"(precipitant)
0.1-0.25",alpha-d-mannopyranoside,"octyl-beta-d-glucoside,","n-acetyl-d-glucosamine,",n-decylpentaoxyethylene,"nh4-dihydrogenphosphate,",bupsa.00122.a.a1.pw28612,"crystals
cryo-protected",2-methyl-2-4-pentanediol,"3-methyl-1,5-pentanediol","9.50
tri-sodium-citrate",3-(1-pyridino)-1-propane,crpaa.00612.a.a3.pw37710,bupsa.00122.a.a1.pw28261,selenomethionine-labeled,"2s,4r-4-methylglutamate,","microbatch,
temperature",p-hydroxymercuribenzoate,morpholineethanesulfonic,nafoa.18681.a.b2.pw37988,"5-phospho-d-arabinonate,",1(protein):1(buffer):0.4,bupha.01664.a.a1.pw32082,n-decyl-beta-d-maltoside,acbac.17885.a.b1.pw38925,mytud.17389.a.a1.pw30616,nafoa.01523.a.b1.pw37976,crnec.19313.a.b1.ps38377,"udp-n-acetylglucosamine,","alpha,beta-methylene-atp","dmso;
protein/inhibitor",mytha.00809.a.b1.pw37508,n-octyl-beta-d-glucoside,lepna.00944.a.b1.ps38423,"n-acetyl-d-glucosamine),","2-methyl-2,4-pentanediol",lepna.01206.a.b1.ps38438,n-citryl-ethylenediamine,"6.5
protein/buffer:
38",morpholinoethanesulfonic,mytud.18400.a.a1.ps01434,"n-dodecyl-b-d-maltoside,",4-hydroxymercurybenzoate,klpnc.18288.a.b1.pw39049,acbac.00054.a.b1.pw38905,lpina.18975.a.b2.pw38653,"soaking
crystallization","1,6-didemethyltoxoflavin",psaea.00025.a.b1.pw37555,lepna.00888.a.b1.pw38319,malonate-imidazole-boric,braba.10201.a.a1.pw37326,crpaa.18681.a.b3.pw37711,adenosine-5-triphosphate,lepna.00906.a.b1.ps38320,myula.00612.a.b1.pw37993,"n-octyl-tetraoxyethylene,",adenosine-5'-triphosphate,myula.01062.a.b12.ps38539,"2-methane-2,4-pentanediol","2-methyl-1,3-propanediol,",pentaerythritolethoxylate,"2-methyl-2,4-pentanediol,",myula.01062.a.b13.ps38558,crnec.01141.a.b12.pw38396,trans-4-hydroxy-l-proline,malonate-imidazole-borate,n-octyl-b-d-thioglucoside,"adenosine-5'-diphosphate,",para-chloromercuribenzoic,"5-undecylbenzene-1,3-diol","mytud.00149.b.b1.pw38903,","reservoir:protein
ligand",methenyl-tetrahydrofolate,"2,6-naphthalenedisulfonic",morpholino-ethanesulfonic,morpholino)ethanesulfonic,"2-methyl-2,4-pentanediol.",s-adenosyl-l-homocysteine,"fructose-1,6-bisphosphate",heptyl-thiol-b-d-glucoside,n-dodecyl-beta-d-maltoside,"hydroxylamine.
reservoir;",plvib.18219.a.fr21.ps38348,psaea.00166.a.dg15.pd00442,hexadecyltrimethylammonium,4-morpholineethanesulfonic,ethylenediaminetetraacetic,4-(hydroxymercury)benzoate,2-morpholinoethanesulfonic,"dmso;

protein/inhibitor","morpholinoethanesulfonate,","n-octyl-r-glucopyranoside,","s-adenosyl-l-homocysteine,","4-methylbenzylphosphonate,","glycerol
cryo-protection:",beta-octylglucopyranoside.,"trans-4-hydroxy-l-proline,","5,6-dimethylbenzimidazole,","peg3350

crystallization","(2-methyl-2,4-pentanediol)",1-butyl-3-methylimidazolium,n-octyl-b-d-glucopyranoside,"(2-methyl-2,4-pentanediol),",benzo(b)thiophene-2-boronic,"n-dodecyl-beta-d-maltoside,",2-morpholinopropanesulfonic,c(nc1cccc1)c1=cc=c2ococ2=c1,"trimethylamine-n-oxide
16%",succinate-phosphate-glycine,"polyethyleneglycol(peg)400,","
biochem.biophys.res.comm.","2,3,4,5,6-pentafluorobenzyl","[2-methyl-2,4-pentanediol],",p-chloromercurybenzoicacid),dimethylundecylamin-n-oxide,"n-octyl-b-d-glucopyranoside,","anthraquinone-2,6-disulfonic","(2-methyl-pentane-2,4-diole,","5'-adenylylimidodiphosphate,",cc(c)(c)oc(=o)n1cccc[c@h]1cn,"1,3-dithiolane-2-carboxylate",hexamminecobalt(iii)chloride,selenomethionine-derivatized,n-(2-acetamido)iminodiacetic,"millimolar
tfa-lys-pro-iso,","2-deoxy-2,3-dehydro-n-acetyl",octyl-beta-d-glucopyranoside,"naphthalene-1,3,6-trisulfonic","4-(benzo[1,3]dioxol-5-yloxy)-",tris(2-carboxyethyl)phosphine,"(octanoyl-n-methylglucamide),","(4s)-2-methyl-2,4-pentanediol","n-dodecyl-(beta)-d-maltoside,","n-heptyl-b-d-glucopyranoside,",(n-(2-acetamido)iminodiacetic,(succinate-phosphate-glycine),"hexamminecobalt(iii)chloride,","(n-(2-oxo-5-(pyridin-4-yl)-1,",n-[-acetamido]-2-iminodiacetic,"n,n-dimethyldecylamine-n-oxide",tris(2-carboxyethyl)-phosphine,"(+/-)-2-methyl-2,4-pentanediol",2-[n-morpholino]ethanesulfonic,"tris(2-carboxyethyl)phosphine,",tris-(2-carboxyethyl)phosphine,(n-[2-acetamido]-2-aminoethane,3-morpholinopropane-1-sulfonic,2-(n-morpholino)ethanesulfonic,3-(n-morpholino)propanesulfonic,(2-(n-morpholino)ethanesulfonic,"1-s-nonyl-beta-d-thioglucoside,",p-chloromercuriphenylsulphonate,n-[2-acetamido]-2-iminodiacetic,tris(hydroxymethyl)aminomethane,2-[n-morpholino]ethane-sulfonic,"2-methyl-2,4-pentanediol,
0.1m",n-octyl-beta-r-glucopyrandoside,"n-octyl-beta-d-glucopyranoside,",2-(n-morpholino)-ethanesulfonic,"n-heptyl-beta-d-glucopyranoside,",tris(hydroxymethyl)aminomethane;,dimethyl(2-hydroxyethyl)ammonium,methenyl-tetrahydromethanopterin,"n-acetylglucosamine-1-phosphate,",1-n-beta-octyl-d-glucopyranoside,"1,1,1,3,3,3-hexafluoro-2-propanol","n,n-dimethyldodecylamine-n-oxide,","n-acetyl-glucosamine-6-phosphate,",n-cyclohexyl-2-aminoethanesulfonic,"alcohol,
10%peg20k,
20%peg550mme",2-(bis(2-hydroxyethyl)amino)acetic,n-benzoyl-n'-beta-d-glucopyranosyl,5'-o-(n-(l-seryl)-sulfamoyl)uridine,"n-dodecyl-n,n-dimethylamine-n-oxide",nc1=nc(=cs1)[c@@h]1cc(=o)oc11ccccc1,"cyclohexyl-methyl-beta-d-maltoside,",n-cyclohexyl-3-aminopropanesulfonic,"dtdp-3-amino-3,6-dideoxy-d-glucose,","n-enanthyl-l-prolyl-l-phenylalanine,",(n-cyclohexyl-3-aminopropanesulfonic,5'-o-[n-(dehydroluciferyl)-sulfamoyl],n-(2-acetamido)-2-aminoethanesulfonic,3-(cyclohexylamino)-1-propanesulfonic,"2-deoxy-2,3-dehydro-n-acetylneuraminic","dimethylethyl-(3-sulfopropyl)-ammonium,",dihydro-nicotinamide-adenine-dinucleotide,"2-amino-2-(hydroxymethyl)propane-1,3-diol",3-(n-morpholino)-2-hydroxypropanesulfonic,cyclohexylbutanoyl-n-hydroxyethylglucamide,n-[tris(hydroxylmethyl)methyl]2-aminoethane,"1,2-diheptanoyl-sn-glycero-3-phosphocholine","tris(2-carboxyethyl)
phosphine.
reservoir",5'-o-(n-(l-seryl)-sulfamoyl)n3-methyluridine,4-(2-hydroxyethyl)-1-piperazineethanesulfonic,4-(2-hydroxyethyl)piperazine-1-ethanesulfonic,(4-(2-hydroxyethyl)-1-piperazineethanesulfonic,4-(2-hydroxyethyl)-piperazine-1-ethanesulfonic,4-(2-hydroxyethyl)-1-piperazineethanesulfonate,"1,3-bis(tris(hydroxymethyl)methylamino)propane",n-2-hydroxyethylpiperazine-n'-2-ethanesulfonate,"udp-2-acetamido-4-amino-2,4,3-trideoxy-d-glucose","1,2-dimyristoyl-sn-glycero-3-phosphatidylcholine",2-[4-(2-hydroxyethyl)piperazin-1-yl]ethanesulfonic,"6,6,6-trifluoro-5-hydroxy-3-oxo-5-phenyl-hexanoate",3-[4-(2-hydroxyethyl)-1-piperazinyl]propanesulfonic,n-[tris(hydroxymethyl)methyl)]-2-aminoethanesulfonate,"mes-bis-tris
mega8-solution
dtt
edta
licl
methanol",3-[(3-cholamidopropyl)dimethylammonio]-1-propanesulfonate,"n-{2-[4-(trifluoromethoxy)phenoxy]}acetoyl-l-phenylalanine,","5-(5-bromo-2-propoxyphenyl)-3-propyl-1h-pyrazolo[4,3-d]pyrimidin-7(6h)-one,","(6as,9s,10as)-6,6,9-trimethyl-9-vinyl-6a,7,8,10a-tetrahydro-5h-indeno[2,1-b]indol-10-one","(s)-4-(8-amino-3-(1-(4-(dimethylamino)butanoyl)pyrrolidin-2-yl)imidazo[1,5-a]pyrazin-1-yl)-n-(thiazol-2-yl)benzamide","trdyeiqrerielgrcigegqfgdvhqgiymspenpalavaiktcknctsdsvrekflqealtmrqfdhphivkligvi
tenpvwiimelctlgelrsflqvrkysldlaslilyayqlstalayleskrfvhrdiaarnvlvssndcvklgdfglsry
medstyykaskgklpikwmapesinfrrftsasdvwmfgvcmweilmhgvkpfqgvknndvigriengerlpmppncppt
lyslmtkcwaydpsrrprftelkaqlstileeeklq"
